1,-0.24678,4.3506,10.058
2,-0.64182,4.5973,9.6481
3,-0.58197,4.7553,7.6777
4,-0.42635,4.9324,6.0497
5,-0.11989,4.9851,6.1957
6,-0.091156,4.6332,7.6179
7,-0.58676,4.4273,8.5013
8,-1.0488,4.3147,9.0592
9,-1.2595,4.3052,9.6721
10,-0.88603,4.3794,9.7008
11,-0.40241,4.6092,9.0951
12,-0.28748,4.7672,8.238
13,-0.54365,4.9229,7.8525
14,-0.56042,4.9899,8.1685
15,-0.51492,4.9564,8.8772
16,-0.37367,5.0186,9.5811
17,-0.22763,5.0186,9.8277
18,-0.69209,5.1934,9.8804
19,-0.80702,5.2341,10.17
20,-0.2348,4.9875,10.632
21,0.002213,4.8726,11.037
22,-0.026505,4.5949,11.307
23,-0.33298,4.4704,11.068
24,-0.56999,4.5637,10.424
25,-0.73041,4.3052,9.7798
26,-0.78787,3.8814,9.617
27,-0.31381,3.1248,9.4327
28,-0.51971,2.7896,8.7431
29,-1.2715,2.986,7.6155
30,-1.2164,3.0386,6.6745
31,-0.35452,3.1871,6.3441
32,0.78513,3.1153,7.06
33,1.3933,2.6508,7.9602
34,0.79948,2.555,8.2523
35,-0.002563,2.6484,7.9722
36,-0.93631,3.0913,8.1757
37,-1.0057,3.5486,8.6067
38,-0.46944,3.9436,8.5205
39,-0.25397,4.3243,8.0416
40,-0.38086,4.6906,7.5676
41,-0.54845,4.9157,7.8956
42,-0.52211,4.9468,8.9347
43,-0.38086,5.0617,9.9187
44,-0.21086,5.2892,10.572
45,-0.20129,5.3849,10.697
46,-0.4455,5.3658,10.661
47,-0.51732,5.2557,11.013
48,0.045319,4.9109,11.834
49,0.25122,4.6882,12.528
50,0.32783,4.1567,12.49
51,0.18178,3.5749,11.494
52,0.018982,3.1607,10.046
53,0.26079,3.041,8.8341
54,0.39726,3.1464,8.2236
55,0.19376,3.2014,7.989
56,0.014191,2.8686,7.7879
57,-0.47662,2.8902,7.3186
58,-0.68732,3.0697,6.5884
59,-0.69688,3.2134,5.9754
60,-0.7328,3.6492,5.9467
61,-0.78787,3.788,6.313
62,-0.72322,3.5175,6.9212
63,-0.79744,3.3523,7.8908
64,-0.88124,3.3786,7.898
65,-1.0776,3.8838,7.2755
66,-1.1709,4.3363,7.0313
67,-0.88364,4.5542,7.4
68,-0.53169,4.7864,8.2308
69,-0.32339,5.0186,9.064
70,-0.27312,5.3754,9.6338
71,-0.65619,5.8207,9.9402
72,-0.87405,6.1343,9.9594
73,-0.63704,6.1152,10.309
74,-0.82138,6.2325,10.51
75,-1.0704,6.0074,10.778
76,-0.90997,5.2413,11.355
77,-0.70886,4.5494,11.992
78,-0.75195,4.0131,11.583
79,-0.73999,3.8215,10.225
80,-0.51492,3.9173,8.4965
81,-0.31381,3.9077,7.3377
82,-0.37607,3.3714,7.661
83,-0.66338,2.7034,8.6522
84,-0.47902,1.9948,9.2292
85,-0.4431,1.9971,8.7647
86,-0.95786,2.6196,8.0823
87,-1.5468,3.3259,7.716
88,-1.6019,3.4241,7.3832
89,-0.7328,3.5989,7.1725
90,0.007004,3.4959,6.9738
91,0.023773,3.8958,6.9738
92,-0.52211,4.5183,7.1917
93,-0.84532,5.0522,7.965
94,-0.4455,5.0713,9.222
95,0.10995,4.7505,10.369
96,0.60796,4.2453,11.082
97,0.754,3.8886,10.745
98,0.30389,4.3578,9.6481
99,0.51218,4.2645,9.2986
100,0.58879,3.8814,10.323
101,0.45952,3.0099,12.255
102,0.2991,2.1624,13.101
103,-0.10074,2.1288,11.401
104,-0.34734,2.7633,9.8612
105,-0.081573,2.9692,9.9738
106,0.14108,3.1655,8.8724
107,0.13869,2.8926,8.2523
108,-0.074402,2.5095,8.3409
109,-0.50296,2.0929,8.0345
110,-1.2404,2.1791,7.4335
111,-1.4295,2.3683,6.7512
112,-1.3649,2.7106,6.5022
113,-1.3505,2.9692,6.7679
114,-1.0704,2.9453,7.479
115,-0.90279,2.9405,8.2691
116,-0.74956,3.2421,8.3505
117,-0.91716,3.9029,8.3768
118,-1.2212,4.456,9.1023
119,-1.2787,4.5661,9.6817
120,-1.6402,4.8534,10.242
121,-1.9299,5.2533,10.651
122,-1.9969,5.5478,11.022
123,-2.2603,6.108,11.032
124,-1.9419,6.0194,11.228
125,-1.226,5.0258,12.062
126,-1.1997,3.7713,12.935
127,-2.0352,2.8208,12.576
128,-2.9115,2.3683,11.219
129,-2.6362,2.2078,9.7032
130,-1.815,2.4545,8.3888
131,-0.82857,2.4999,7.728
132,-0.19411,1.9948,7.6586
133,-0.24918,1.4106,7.4742
134,-0.54126,1.2621,6.8565
135,-0.66098,1.6284,6.2532
136,-0.65858,2.3419,5.906
137,-0.70886,3.0338,6.2627
138,-0.58914,3.3235,7.1702
139,-0.41197,3.1009,8.1135
140,-0.57957,2.6867,9.0759
141,-1.2452,2.476,10.23
142,-1.9754,2.5454,11.13
143,-2.0592,2.7154,11.006
144,-1.3816,3.0841,10.455
145,-0.38326,3.3762,10.211
146,0.34219,3.4385,10.769
147,0.074051,3.6587,11.489
148,-0.39043,3.9053,10.931
149,0.14827,3.4193,9.5356
150,0.028549,3.5821,8.7695
151,-0.33298,3.618,8.7312
152,-0.5269,3.3714,9.0496
153,-0.78548,3.3618,9.3034
154,-0.90758,3.3666,9.1645
155,-0.48621,3.2014,9.0472
156,-0.069611,3.0889,8.6282
157,0.007004,3.1009,8.2882
158,-0.2348,2.883,8.2451
159,-0.72801,2.6053,8.2763
160,-1.214,2.5646,8.0752
161,-1.6067,2.8232,7.6801
162,-1.487,3.1583,7.2635
163,-1.3266,3.6539,7.0768
164,-1.3912,4.0681,7.5101
165,-1.4463,4.1447,8.3242
166,-1.6665,4.0801,9.368
167,-2.2076,4.0514,10.014
168,-2.9139,4.3028,10.242
169,-3.0336,4.389,10.309
170,-2.562,4.3291,10.534
171,-2.3345,4.614,10.68
172,-2.4159,5.1407,10.632
173,-1.5468,4.7194,11.377
174,-0.84294,3.9915,12.509
175,-0.82857,3.2445,12.725
176,-1.0321,2.7801,11.47
177,-1.135,2.6747,9.8277
178,-1.0081,2.7561,8.5396
179,-0.70886,2.5813,7.9076
180,-0.58437,2.1264,8.1446
181,-0.68971,1.583,8.5468
182,-0.91716,1.1951,8.5157
183,-1.3649,1.3579,8.0225
184,-1.6785,1.8248,7.5077
185,-1.7168,2.476,7.1654
186,-1.2116,2.9453,7.1247
187,-0.48621,3.2182,7.637
188,-0.15341,3.2182,8.4917
189,-0.42874,3.0745,9.4016
190,-1.1757,3.041,9.6936
191,-1.7791,3.302,9.5021
192,-1.7455,3.8215,9.4782
193,-1.0369,4.1543,9.5691
194,-0.31621,4.2477,9.957
195,-0.30185,4.4752,10.443
196,-0.46464,4.5183,10.577
197,-0.083969,3.8167,10.457
198,-0.25635,3.5654,10.893
199,-0.37367,3.2278,11.281
200,-0.46464,3.0027,10.982
201,-0.56999,2.9453,10.105
202,-0.48381,3.053,9.0209
203,-0.20847,3.0099,8.1685
204,-0.024124,2.6843,7.7519
205,-0.15819,2.409,7.7831
206,-0.33536,2.16,8.0225
207,-0.71126,2.1097,7.977
208,-1.3768,2.2677,7.5915
209,-1.6426,2.5119,7.2276
210,-1.4175,2.9285,7.0552
211,-0.95786,3.4456,7.3234
212,-0.48859,3.7234,8.123
213,-0.44789,3.8503,8.9586
214,-0.92194,3.9676,9.6098
215,-1.396,3.9891,10.043
216,-1.7264,4.0993,10.287
217,-2.0305,4.4608,10.319
218,-1.8437,4.5805,10.421
219,-1.3936,4.535,10.611
220,-1.7025,4.9755,10.558
221,-1.9323,5.2964,10.429
222,-1.0273,4.4249,10.546
223,-0.21326,3.5294,11.006
224,-0.57718,3.1655,10.714
225,-1.1087,2.9429,9.5548
226,-0.96983,2.6819,8.5301
227,-0.85251,2.8399,8.1973
228,-0.4407,2.5334,8.5732
229,-0.038483,1.9014,9.0712
230,-0.057632,1.3028,9.0496
231,-0.42635,1.1807,8.4056
232,-0.93152,1.547,7.5867
233,-1.4056,2.2318,7.3138
234,-1.0919,2.5694,7.4455
235,-0.54126,2.9979,7.5772
236,-0.32579,3.5941,7.7184
237,-0.43591,3.8622,8.2667
238,-0.63464,3.7497,9.0472
239,-0.98659,3.5917,9.787
240,-1.3002,3.5677,10.448
241,-1.2284,3.6084,10.867
242,-0.76393,3.5893,11.008
243,-0.37367,3.4792,10.819
244,-0.71126,3.8287,10.089
245,-0.45508,3.3978,9.1621
246,-0.58914,3.2733,8.724
247,-0.62027,2.9596,8.9778
248,-0.66815,2.7417,9.4279
249,-0.85251,2.725,9.4662
250,-0.65379,2.5861,8.882
251,-0.27072,2.6029,8.1542
252,0.028549,2.5119,7.953
253,0.014191,2.2078,8.463
254,-0.4072,1.8367,9.0999
255,-0.82138,1.559,9.1645
256,-1.0943,1.5566,8.6976
257,-1.4463,1.9828,8.3194
258,-1.5277,2.3587,7.9387
259,-1.4104,2.658,7.661
260,-1.5253,3.2397,7.7903
261,-1.6115,3.7856,8.3074
262,-1.6809,4.3004,9.0209
263,-1.8653,4.851,9.7248
264,-1.9586,5.1407,10.34
265,-2.1454,5.1814,10.9
266,-2.3656,5.112,11.705
267,-2.641,5.1407,12.564
268,-3.0672,5.6459,12.952
269,-2.3297,5.179,13.34
270,-1.961,4.4225,13.965
271,-2.0903,3.2852,13.685
272,-2.9211,2.6244,12.038
273,-3.5005,2.3754,10.321
274,-3.2036,2.3108,8.9873
275,-2.1478,2.0546,7.9028
276,-1.2332,1.6069,7.953
277,-1.1518,0.97482,8.5779
278,-1.3864,0.25178,8.4965
279,-1.3768,-0.20312,7.9124
280,-1.3337,-0.016373,7.151
281,-1.5804,0.6947,6.5788
282,-1.4343,1.2669,6.2556
283,-0.87645,1.7673,5.9683
284,-0.27072,2.1791,5.8629
285,-0.29466,2.5789,6.4974
286,-0.93631,2.634,7.7208
287,-1.6187,2.6412,8.7527
288,-2.0209,2.9165,9.3417
289,-1.5804,3.2158,9.8756
290,-0.80463,3.6587,10.623
291,-0.25397,4.14,11.121
292,0.35178,3.9245,10.927
293,0.22009,3.6348,10.896
294,-0.321,2.7944,11.781
295,-1.159,2.4425,12.107
296,-1.5899,2.3276,11.592
297,-1.5804,2.4113,10.817
298,-1.2787,2.4856,9.7487
299,-0.95067,2.2007,8.6905
300,-1.1278,1.9804,7.9459
301,-1.3912,1.7793,7.5867
302,-1.4199,1.5423,7.4263
303,-1.5013,1.6739,7.3976
304,-1.4583,1.9876,7.5101
305,-1.1662,2.124,7.4072
306,-1.0297,2.3539,7.3497
307,-0.90518,2.5813,7.795
308,-0.87645,2.7849,8.6929
309,-1.1087,3.0123,9.4303
310,-1.5923,3.4002,9.7559
311,-2.0688,3.9604,9.9379
312,-2.2723,4.3866,10.582
313,-2.131,4.4895,11.504
314,-2.3992,4.8702,11.863
315,-3.0001,5.5166,11.566
316,-2.313,5.179,11.616
317,-1.6354,4.7002,12.947
318,-2.1119,3.946,13.977
319,-2.6577,3.2397,13.041
320,-2.7463,2.8878,11.544
321,-2.3058,2.8782,9.8971
322,-1.554,2.6196,8.8988
323,-1.8365,2.4185,10.077
324,-2.3202,1.6021,11.429
325,-2.0209,0.41219,10.814
326,-2.2388,0.18953,9.4111
327,-2.3776,0.61809,7.8812
328,-2.1981,1.2885,6.6315
329,-2.119,2.0426,6.0473
330,-1.815,2.5622,5.8773
331,-1.3577,2.7825,6.4806
332,-1.2643,2.8639,7.3713
333,-1.5468,2.8974,7.649
334,-1.9682,2.871,7.6322
335,-2.1885,2.8351,7.8381
336,-2.0544,2.8375,7.9171
337,-1.6833,2.8878,8.1805
338,-1.4487,3.1296,8.8676
339,-0.80942,2.9764,8.6498
340,-0.21086,2.8327,7.8214
341,-0.043274,2.7705,8.317
342,-0.04567,2.5047,10.036
343,-0.35452,2.5502,10.814
344,-0.37607,2.6125,10.321
345,-0.060028,2.5981,9.5045
346,0.20811,2.4928,8.9969
347,-0.083969,2.4712,8.8796
348,-0.35692,2.2797,8.9155
349,-0.54126,2.0809,9.119
350,-0.7352,2.0235,9.2244
351,-0.99377,2.1336,8.7599
352,-1.2906,2.5502,8.1709
353,-1.5205,3.1272,7.8717
354,-1.4367,3.6563,7.9842
355,-1.0441,4.025,8.3481
356,-0.75914,4.4871,9.0113
357,-1.1614,4.9923,9.9929
358,-2.0137,5.2964,10.699
359,-2.6482,5.519,11.022
360,-2.7487,5.5525,11.288
361,-3.0025,5.7177,11.841
362,-3.5101,6.3067,12.287
363,-3.1078,6.1295,12.809
364,-2.866,4.8319,14.111
365,-3.1797,3.2493,14.192
366,-3.9985,2.8088,12.064
367,-3.7998,2.8998,9.7894
368,-2.6386,3.3954,7.6897
369,-1.9084,3.6851,8.2787
370,-2.2603,2.883,10.814
371,-2.392,1.3962,11.156
372,-2.2986,0.43852,10.273
373,-2.3633,0.31642,9.0568
374,-2.3154,0.88385,7.3952
375,-2.1717,1.6404,6.0856
376,-1.9491,2.3323,5.3003
377,-1.6929,2.8208,5.2907
378,-1.2021,2.9453,5.6379
379,-0.92194,3.1535,5.9922
380,-1.1135,3.4935,6.2364
381,-1.4966,3.539,6.3753
382,-1.6785,3.2972,6.7081
383,-1.5277,3.0099,7.5844
384,-1.2068,2.8998,8.8317
385,-1.0201,3.3116,9.7152
386,-0.1989,3.4241,9.0807
387,0.6678,3.2541,8.1398
388,0.6295,2.4449,9.4973
389,-0.12707,1.6524,11.496
390,-0.83336,1.5686,11.717
391,-0.44789,1.5662,10.685
392,0.33261,2.2485,9.6314
393,1.0796,2.7849,8.657
394,1.2376,3.1009,8.9467
395,0.78513,2.883,10.18
396,0.15305,2.7274,10.429
397,-0.44789,2.8232,10.268
398,-0.88124,3.1272,10.019
399,-1.1111,3.5366,9.301
400,-1.2691,3.891,8.8605
401,-1.5971,4.1879,8.961
402,-2.0041,4.4129,9.0975
403,-2.1885,4.6044,9.4207
404,-2.0807,4.6499,10.062
405,-2.2579,4.7289,10.386
406,-2.8181,4.7936,10.421
407,-3.2874,4.6212,10.596
408,-3.4071,4.2932,11.056
409,-3.9865,4.7289,11.183
410,-3.5675,4.942,11.2
411,-2.5644,4.3387,11.698
412,-2.0472,2.9644,12.459
413,-2.4159,2.3084,11.647
414,-2.945,2.2342,9.4279
415,-2.9091,2.5646,7.5508
416,-2.6051,3.0195,7.2587
417,-2.38,2.7609,9.471
418,-1.8844,1.65,10.342
419,-1.3146,0.81682,10.22
420,-1.2332,0.4888,9.2627
421,-1.724,0.94132,7.8022
422,-1.8485,1.729,6.507
423,-1.5061,2.3826,6.0999
424,-0.8573,2.8279,6.6195
425,-0.20129,2.9046,7.4958
426,-0.067215,2.8686,7.6849
427,-0.57239,2.974,7.8956
428,-1.238,3.0219,8.4247
429,-1.4535,3.1535,8.7408
430,-1.2428,3.4528,9.0376
431,-0.93631,3.5055,9.6386
432,-0.90039,3.4241,10.852
433,-0.88124,3.5917,11.64
434,0.074051,3.3235,10.721
435,0.28952,3.1535,9.8947
436,-0.1127,2.6436,10.551
437,-0.68492,2.5837,10.685
438,-1.4104,3.0075,10.129
439,-1.4463,3.2158,9.3465
440,-0.84532,3.1607,8.6186
441,-0.51015,2.8639,8.2619
442,-0.68732,2.6101,8.1949
443,-0.70168,2.4377,8.1135
444,-0.78068,2.3778,7.965
445,-0.9435,2.4113,8.0177
446,-1.0608,2.4592,8.1757
447,-0.98659,2.6795,8.3577
448,-0.65858,3.0075,8.4175
449,-0.53886,3.4313,8.3577
450,-0.62267,3.7808,8.4008
451,-0.62746,3.9389,8.6522
452,-0.84772,4.1759,9.1095
453,-1.2763,4.4225,9.8708
454,-1.4247,4.523,10.74
455,-1.396,4.4177,11.353
456,-1.4463,4.3147,11.652
457,-1.973,4.9253,11.001
458,-1.7958,5.215,9.9666
459,-0.89799,4.9109,10.067
460,-0.7352,3.8431,11.982
461,-1.7408,3.0075,12.394
462,-2.3824,2.5406,11.018
463,-2.2412,2.5909,9.526
464,-1.7863,3.2828,8.3792
465,-0.91476,3.2326,8.4103
466,-0.34973,2.3084,9.6194
467,-0.5269,1.4896,9.6817
468,-1.0249,1.1161,8.9945
469,-1.2691,1.1233,8.147
470,-1.226,1.6572,7.2803
471,-1.0464,2.4425,6.5094
472,-0.76393,3.0243,6.1239
473,-0.41676,3.381,6.1766
474,-0.36649,3.3571,6.823
475,-0.83336,3.3331,7.9267
476,-1.5277,3.5055,8.8509
477,-1.9969,3.6946,9.4973
478,-1.8317,3.9077,9.5643
479,-1.3002,4.1663,9.5572
480,-0.69688,4.1352,9.6745
481,-0.69688,4.195,9.8995
482,-1.4032,4.7601,9.8852
483,-1.1135,4.5422,9.3369
484,-1.0536,4.3626,9.4782
485,-1.5923,3.6898,10.891
486,-2.3321,3.0769,11.262
487,-3.2156,2.8519,10.354
488,-3.8309,3.0697,9.4111
489,-3.8931,3.3595,9.0017
490,-3.3688,3.211,9.0688
491,-2.6697,2.8926,9.2794
492,-2.1262,2.4185,9.2794
493,-1.961,2.1815,8.7719
494,-2.064,2.4018,8.0895
495,-2.0735,2.7322,7.8549
496,-1.9347,2.9548,8.1183
497,-1.736,2.9524,8.1613
498,-1.621,2.8567,8.1183
499,-1.7455,2.8926,7.8166
500,-2.2052,3.144,7.5484
501,-2.617,3.2206,8.1159
502,-2.6482,2.974,9.4327
503,-2.5572,2.5598,10.534
504,-2.6625,2.2054,10.852
505,-3.3473,2.3994,10.113
506,-3.6082,2.792,9.1142
507,-3.3544,3.223,8.8605
508,-2.6865,3.302,9.9163
509,-2.143,2.8208,11.434
510,-2.1406,2.3252,11.487
511,-2.3034,2.0905,10.845
512,-2.2555,2.1073,10.421
513,-1.7527,2.136,10.457
514,-1.4104,2.057,10.369
515,-1.3816,1.9182,9.7942
516,-1.4319,1.9205,9.0257
517,-1.5636,2.2605,8.1398
518,-1.8246,2.6795,8.4463
519,-1.6905,2.6244,9.6218
520,-1.3194,2.4066,10.012
521,-1.1638,2.3683,9.5548
522,-1.293,2.5598,8.9203
523,-1.2476,2.8926,9.0257
524,-1.0297,3.1416,9.8924
525,-0.69209,2.9812,10.965
526,-0.62985,2.8255,11.262
527,-0.83575,3.1153,10.611
528,-0.63943,3.4887,9.55
529,-0.16298,3.6396,9.3608
530,-0.067215,3.7569,10.79
531,-0.29466,3.7521,12.253
532,0.24164,3.3786,11.616
533,0.59598,3.235,9.9977
534,0.37332,3.3786,8.5253
535,-0.014542,3.4361,8.3864
536,-0.56042,3.4121,9.4135
537,-0.71126,3.1919,9.7008
538,-0.53648,3.0362,8.724
539,-0.55084,2.9165,7.8286
540,-0.80942,2.6053,7.7448
541,-1.2571,2.3659,8.1613
542,-1.566,2.3419,8.3337
543,-1.5875,2.4736,7.9866
544,-1.3577,2.6292,7.1965
545,-1.1805,2.9357,6.5788
546,-1.3218,3.3164,6.8685
547,-1.6474,3.3259,7.7879
548,-1.8916,3.3738,8.6091
549,-1.9826,3.733,9.0879
550,-2.0113,4.1495,9.1334
551,-1.8724,4.4512,9.1406
552,-1.8078,4.6044,9.5835
553,-1.9491,4.7457,10.199
554,-1.9754,4.7265,10.503
555,-1.9323,4.5183,10.915
556,-2.0688,4.468,11.341
557,-2.6601,5.0952,10.922
558,-2.3609,5.2269,10.268
559,-1.5253,4.5446,11.049
560,-1.3146,3.3595,12.504
561,-1.5804,2.409,11.738
562,-2.0065,2.203,9.5811
563,-2.064,2.5813,7.728
564,-1.7216,3.1775,7.163
565,-1.0009,2.9524,8.712
566,-0.72562,2.1815,9.8277
567,-0.55803,1.3387,9.6505
568,-0.54126,0.95567,9.0927
569,-0.86449,1.2837,8.0392
570,-1.0584,1.9205,6.8182
571,-0.89322,2.4329,6.2292
572,-0.59872,2.8615,6.5117
573,-0.36649,3.2134,6.9331
574,-0.29706,3.4887,7.2851
575,-0.64421,3.8503,7.8118
576,-1.1949,4.0729,8.6258
577,-1.5612,4.1974,9.3225
578,-1.3577,4.2549,10.096
579,-0.82617,4.2357,10.817
580,-0.41676,4.0729,11.274
581,-0.47902,4.0681,11.688
582,-0.66338,4.3842,11.669
583,-0.007355,4.037,10.809
584,-0.079178,3.3451,10.584
585,-0.96265,2.5526,11.209
586,-1.8868,2.136,11.051
587,-2.4518,2.1647,9.8229
588,-2.1023,2.4377,8.6306
589,-1.2954,2.974,7.6059
590,-0.32339,2.9931,7.412
591,-0.043274,2.6987,7.8501
592,-0.54845,2.373,7.8022
593,-1.1039,2.3371,7.2372
594,-1.3601,2.6867,6.8374
595,-1.3984,3.314,6.5405
596,-1.3457,3.8167,6.8062
597,-1.0369,3.8503,7.2994
598,-1.08,3.9173,7.9962
599,-1.2547,3.8766,9.0592
600,-1.6115,4.049,9.6817
601,-2.1095,4.5015,9.9331
602,-2.0616,4.8391,9.799
603,-1.7982,5.2341,9.787
604,-1.6953,5.4328,10.354
605,-1.8772,5.2724,11.535
606,-2.6362,5.3802,11.959
607,-3.23,5.8638,11.039
608,-2.4063,5.2916,10.817
609,-2.1957,4.1807,12.265
610,-2.5021,3.0793,12.497
611,-2.8876,2.4616,10.675
612,-3.2252,2.3228,8.8605
613,-3.0911,2.6388,7.7448
614,-2.2914,2.7537,8.0368
615,-1.226,2.2294,9.5308
616,-0.60831,1.3507,9.9498
617,-0.66338,0.72583,9.6075
618,-1.0608,0.68753,8.8078
619,-1.1422,0.96765,7.7879
620,-0.74237,1.4178,6.8876
621,-0.29227,2.0498,6.6458
622,-0.29706,2.5598,6.6315
623,-0.5676,3.0147,6.6075
624,-0.59633,3.2469,7.3952
625,-0.78308,3.4744,9.0089
626,-0.92433,3.5199,10.472
627,-0.71843,3.5893,10.984
628,-0.30902,3.7665,10.666
629,0.15544,3.879,10.505
630,0.27516,4.0538,10.843
631,0.26798,4.3076,10.769
632,0.69414,4.0681,9.6984
633,0.63669,3.6683,9.5763
634,-0.12468,2.9572,11.03
635,-0.85969,2.5167,11.372
636,-1.3505,2.3898,10.462
637,-1.305,2.6172,9.4255
638,-0.86928,3.1488,8.4439
639,-0.38564,3.1224,8.1637
640,-0.45029,2.6436,8.7958
641,-0.81661,2.318,8.9155
642,-1.0704,2.1839,8.3864
643,-1.1877,2.4233,7.7495
644,-1.1781,2.7346,7.1845
645,-1.1039,2.9453,7.2013
646,-1.147,2.9908,7.4215
647,-1.2787,3.1703,7.4503
648,-1.0847,3.4839,7.8142
649,-0.91716,3.9724,8.4463
650,-0.92194,4.4177,8.9012
651,-0.84055,4.5901,9.1549
652,-1.0009,4.8056,9.3393
653,-1.3026,5.1192,9.6697
654,-1.621,5.4041,9.9833
655,-1.6234,5.4879,10.366
656,-1.803,5.8997,10.39
657,-2.0472,6.5006,10.055
658,-1.5229,5.9763,10.402
659,-1.463,4.5661,11.824
660,-1.9419,3.3259,12.545
661,-2.5931,2.871,11.523
662,-3.2707,3.3882,9.6912
663,-3.3066,3.5677,8.9251
664,-3.0264,3.0219,10.058
665,-2.5979,2.1432,11.066
666,-2.0999,1.1975,10.333
667,-2.0568,0.9054,9.0999
668,-1.7168,1.1281,7.8884
669,-1.0297,1.5279,7.0265
670,-0.47662,1.9397,6.8086
671,-0.048065,2.1217,6.9738
672,-0.002563,2.4137,7.084
673,-0.081573,2.7489,7.1917
674,-0.53169,3.223,8.0967
675,-0.62506,3.4217,9.2459
676,0.10995,3.4696,9.8493
677,1.0748,3.7808,10.544
678,2.0062,3.9221,10.795
679,2.0517,3.9317,10.824
680,1.3118,3.7473,11.331
681,0.42839,4.0155,11.305
682,1.252,3.5773,10.228
683,1.659,3.4121,9.8756
684,1.082,2.8998,10.565
685,-0.036087,2.8088,10.266
686,-0.6514,2.8758,9.3632
687,-0.53169,3.1799,8.0823
688,-0.002563,3.4504,6.799
689,0.32304,3.314,6.6769
690,-0.15819,2.8782,7.7615
691,-0.93152,2.5287,8.3768
692,-1.3864,2.3204,8.2068
693,-1.5301,2.4377,8.0033
694,-1.1973,2.9165,7.7184
695,-0.74237,3.3906,7.4479
696,-0.51971,3.7545,7.3904
697,-0.54126,4.1447,7.7926
698,-0.55563,4.535,8.6282
699,-0.51732,4.9181,9.3656
700,-0.49577,5.4113,9.3632
701,-0.63225,5.7824,9.4782
702,-0.98898,5.8782,10.237
703,-1.4894,5.6723,11.58
704,-1.6163,5.0857,12.758
705,-1.8078,4.9157,12.339
706,-2.4566,5.598,10.656
707,-1.6809,5.5358,9.2004
708,-0.25635,4.5206,9.8924
709,-0.2372,3.4265,11.901
710,-1.2883,2.9429,11.839
711,-1.8413,2.5885,10.321
712,-1.9251,2.9692,8.8413
713,-0.95786,3.2326,7.7567
714,0.4212,2.9405,8.1733
715,1.0581,2.4568,8.4965
716,1.0341,2.0283,7.6346
717,0.63429,2.0235,6.6147
718,0.12672,2.3802,5.6762
719,-0.055237,3.041,5.4272
720,-0.19171,3.7689,6.3633
721,-0.13185,3.8287,7.6897
722,0.12193,3.5151,8.3026
723,0.14827,3.6013,7.9962
724,0.007004,3.8551,7.8884
725,-0.41676,3.8766,9.143
726,-0.77589,3.7473,10.941
727,-0.6107,3.8143,11.982
728,-0.081573,3.5725,11.915
729,0.045319,3.4816,11.106
730,0.48346,3.3666,9.8947
731,0.95271,3.1416,9.3896
732,0.047714,2.8279,11.183
733,-1.1111,2.5095,12.548
734,-1.2524,2.4616,11.197
735,-0.63225,2.8998,9.4518
736,0.090805,3.7473,7.1414
737,0.27277,4.2142,6.0928
738,-0.11989,4.1017,7.558
739,-0.49338,3.3307,9.7726
740,-0.75195,2.7034,10.539
741,-0.83575,2.2749,9.7056
742,-0.8573,2.3515,8.6019
743,-0.45508,2.9333,7.3689
744,-0.043274,3.5534,6.9212
745,0.11954,3.9987,7.8022
746,0.23206,4.2381,8.6689
747,0.3374,4.3076,8.8245
748,0.31586,4.5613,8.5875
749,-0.18452,4.9277,8.5444
750,-0.93391,5.2485,8.9299
751,-1.1374,5.3562,9.5739
752,-0.99138,5.3059,10.637
753,-0.99617,5.3251,11.156
754,-1.5325,6.1655,9.775
755,-1.0297,6.0865,8.7503
756,-0.58437,5.2461,10.656
757,-0.6514,3.9365,12.433
758,-1.0033,3.4409,11.207
759,-1.2667,3.4241,8.8221
760,-1.293,3.2421,8.1853
761,-0.87884,2.567,9.8229
762,-0.34734,1.8942,11.207
763,-0.019333,1.3962,10.785
764,0.10277,0.97722,9.2483
765,-0.2372,1.3435,7.4766
766,-0.59633,2.136,6.3418
767,-0.55084,2.8327,6.574
768,0.021378,3.2014,7.2611
769,0.36374,3.5127,7.6298
770,0.59119,3.6061,7.5939
771,0.48106,3.4935,7.5987
772,-0.33058,3.4217,8.542
773,-0.97223,3.2661,9.866
774,-1.0943,3.3523,10.448
775,-0.54605,3.5175,10.172
776,-0.052841,3.9221,9.2723
777,0.65105,4.31,8.3936
778,2.2193,3.8287,7.9914
779,1.6997,3.4456,10.572
780,0.29431,2.4401,13.824
781,-0.78308,2.3084,13.022
782,-0.80463,2.3778,10.852
783,-0.18692,3.3451,8.9035
784,0.61035,4.377,6.6961
785,1.5561,4.4919,6.7943
786,1.5273,3.8024,8.6522
787,0.53613,2.9884,9.4279
788,-0.36649,2.5143,8.6809
789,-0.99377,2.5526,7.9387
790,-1.2092,3.0602,7.3976
791,-1.1398,3.4289,7.9124
792,-0.93391,3.5127,8.6689
793,-0.73041,3.7569,8.7168
794,-0.70168,4.1424,8.8174
795,-0.80942,4.4608,8.8652
796,-1.0824,4.7984,8.6426
797,-1.4487,5.1312,8.6354
798,-1.396,5.0881,9.1214
799,-1.0943,4.8702,9.6242
800,-1.6785,5.1743,9.6362
801,-1.8461,5.033,9.6984
802,-1.1757,4.3459,10.613
803,-0.54126,3.2565,12.112
804,-0.79504,2.5789,12.809
805,-1.4726,2.7657,11.513
806,-1.0249,3.0219,9.4303
807,-0.30664,3.0841,9.5452
808,0.16742,2.7106,11.257
809,0.32065,2.1456,11.573
810,0.24882,1.5734,10.366
811,-0.040878,1.3771,8.2882
812,-0.17735,1.7218,6.7224
813,-0.23241,2.3922,6.2005
814,-0.43353,3.2397,6.6698
815,-0.34494,3.6037,7.7567
816,-0.12946,3.7042,7.4623
817,0.03334,3.9867,7.0409
818,0.086014,4.0945,7.8262
819,-0.25397,3.9173,9.4135
820,-0.52451,3.642,10.275
821,-0.4407,3.6444,10.175
822,-0.00975,3.6755,10.002
823,0.15066,3.6084,10.287
824,-0.53169,4.0897,10.321
825,-0.18452,3.9389,9.4279
826,0.426,3.8455,9.0975
827,0.17221,3.8,10.278
828,-0.321,3.5869,11.111
829,-0.69449,3.5989,10.438
830,-0.67534,3.5151,9.5165
831,-0.82378,3.7449,8.8197
832,-0.69449,3.63,8.4726
833,-0.28987,3.2804,8.463
834,0.15784,2.7465,8.7767
835,0.33501,2.294,8.8293
836,0.22728,2.1552,8.7384
837,-0.000183,2.3036,8.6976
838,-0.24199,2.5813,8.4678
839,-0.26114,2.9429,8.0345
840,0.064468,3.2948,7.7088
841,0.67978,3.6252,7.8333
842,1.1969,4.0873,8.3361
843,1.1419,4.377,8.9754
844,0.73006,4.4919,9.5117
845,0.46909,4.5757,9.5643
846,0.44275,4.772,9.3489
847,0.45473,4.9947,9.6841
848,-0.016937,5.6818,9.9019
849,0.48106,5.464,10.273
850,1.9679,4.219,11.128
851,1.9774,3.1943,11.674
852,0.82103,2.397,11.293
853,-1.2667,2.6508,9.7679
854,-1.7312,2.6053,8.7312
855,-0.67773,2.6987,8.7767
856,0.5098,3.1153,9.3082
857,1.9176,2.6627,9.2579
858,1.9846,2.045,8.8748
859,0.72047,1.6907,8.0752
860,-0.33536,1.5375,7.2755
861,-0.76393,1.8559,6.9259
862,-0.71126,2.543,6.7919
863,-0.55084,3.1464,7.0337
864,-0.35452,3.6468,7.582
865,0.22967,3.6539,7.9722
866,0.35657,3.6851,8.4893
867,-0.29227,3.7904,9.1095
868,-0.93391,3.6515,9.7128
869,-1.1255,3.2038,10.388
870,-1.1255,2.6268,11.264
871,-1.894,2.6675,11.894
872,-2.538,3.0865,11.745
873,-1.4487,2.6867,11.257
874,-0.39522,2.8567,11.274
875,0.31586,2.8423,11.547
876,0.55768,2.6723,11.231
877,0.20572,2.7441,10.251
878,0.32065,2.5478,9.2483
879,0.35657,2.5718,8.4989
880,0.21291,2.4497,8.2212
881,0.062073,2.1336,8.2858
882,-0.014542,1.8655,8.2404
883,-0.13425,1.7434,8.1757
884,-0.23003,1.8415,8.2428
885,-0.48621,2.3132,8.5803
886,-0.51015,2.5909,8.8772
887,-0.34494,2.7226,8.8892
888,-0.4407,3.0506,8.8748
889,-0.37128,3.2589,8.8509
890,-0.26593,3.5175,9.0807
891,-0.64661,4.0035,9.6146
892,-0.96025,4.3459,10.184
893,-1.1015,4.5063,10.699
894,-1.1877,4.4728,10.96
895,-1.3601,4.4512,10.843
896,-1.9538,5.0665,10.352
897,-1.803,5.1527,10.184
898,-0.28987,4.3626,10.884
899,0.37572,3.6372,12.442
900,-0.46944,3.0602,12.387
901,-1.4535,2.7322,11.042
902,-1.6163,2.5957,9.9019
903,-1.2595,2.9908,9.1956
904,-0.21805,2.8303,8.9658
905,0.61275,2.1935,8.7384
906,0.49782,1.662,7.989
907,0.11714,1.2549,7.0696
908,-0.27312,1.4082,6.3106
909,-0.42874,2.0762,5.7839
910,-0.28268,2.6891,5.5493
911,-0.22284,3.381,5.906
912,-0.1989,3.7306,6.7081
913,-0.095947,3.4816,7.4191
914,-0.37607,3.4002,7.7998
915,-1.1997,3.6563,9.052
916,-1.8557,3.4504,10.453
917,-1.8581,3.1943,10.8
918,-1.4056,3.0386,11.135
919,-1.2667,3.0099,11.619
920,-1.8964,3.6635,11.149
921,-1.238,3.4696,9.9738
922,-0.32579,3.2565,9.9498
923,0.20334,2.5095,11.185
924,-0.32339,2.227,10.728
925,-0.84055,2.3778,9.2986
926,-0.60591,2.6843,8.1326
927,0.177,2.8447,7.5508
928,0.59119,2.871,8.3601
929,0.45952,2.5215,9.8229
930,0.23445,1.9588,10.254
931,0.2177,1.4561,9.8325
932,-0.25635,1.4752,9.3082
933,-0.68492,1.7601,8.7647
934,-0.64421,2.3276,8.3936
935,-0.41916,2.895,8.5803
936,-0.12707,3.4696,8.9419
937,0.24403,3.7665,9.2172
938,0.064468,3.9939,9.6314
939,-0.63704,4.219,10.168
940,-1.4487,4.4847,10.345
941,-1.87,4.6906,10.481
942,-1.554,4.5302,10.651
943,-1.0991,4.3578,10.884
944,-1.5827,4.8391,10.647
945,-1.317,4.9755,9.8205
946,0.002213,4.3602,9.5572
947,0.52895,3.5654,11.276
948,-0.031296,2.7753,12.241
949,-0.8549,2.4736,11.08
950,-1.2811,2.5694,9.7798
951,-1.0129,2.9788,8.9035
952,-0.031296,2.8998,8.8868
953,0.72766,2.4281,9.1597
954,0.90483,2.0474,8.7503
955,0.67259,1.7051,7.8525
956,0.1339,1.7697,6.8541
957,-0.45747,2.3108,6.0137
958,-1.1063,2.986,6.246
959,-1.1805,3.393,7.4383
960,-0.83336,3.5223,8.396
961,-0.76871,3.6061,8.8916
962,-1.0345,3.6396,8.9107
963,-1.293,3.5127,8.8988
964,-1.4391,3.6156,9.2339
965,-1.329,3.8287,9.8612
966,-0.96025,3.7306,10.905
967,-0.56999,3.2804,11.796
968,-1.1326,3.302,11.937
969,-1.2524,3.1368,11.089
970,-0.38326,2.8279,10.048
971,-0.0289,2.883,10.139
972,0.011795,2.7274,10.678
973,-0.42874,3.0291,10.211
974,-0.26114,3.1248,9.2411
975,0.20334,3.3212,8.2643
976,0.64146,3.2948,7.6466
977,0.72766,3.1392,7.5269
978,0.20334,2.9022,7.7088
979,-0.57957,2.7657,7.6873
980,-0.86449,2.567,7.8429
981,-0.92912,2.5023,8.3218
982,-0.7352,2.622,8.7408
983,-0.67055,3.1081,9.1262
984,-0.89082,3.4648,9.1382
985,-0.98898,3.7449,8.7431
986,-1.0656,4.1711,8.5684
987,-0.99138,4.4967,8.7695
988,-1.0369,4.7888,9.526
989,-1.4774,4.9875,10.129
990,-1.7431,4.8391,10.395
991,-1.566,4.4632,10.704
992,-1.791,4.7194,10.704
993,-2.155,5.4616,10.242
994,-0.89322,5.1192,10.283
995,-0.16537,4.3722,11.183
996,-0.69928,3.3762,11.317
997,-1.7479,3.1153,10.089
998,-1.7958,3.0291,8.7838
999,-1.3313,3.5247,7.9147
1000,-0.60352,3.7617,8.1063
1001,0.1315,2.8519,9.3776
1002,0.093201,1.978,9.7296
1003,-0.25874,1.5446,8.7479
1004,-0.47662,1.7123,7.4311
1005,-0.76154,2.2126,6.5237
1006,-0.93391,2.9429,5.8318
1007,-0.86209,3.5199,5.4846
1008,-0.77589,3.8215,5.5493
1009,-0.82138,4.0131,6.0305
1010,-0.59393,4.0035,6.7272
1011,-0.24678,3.9029,7.4575
1012,-0.62027,4.1735,8.7599
1013,-1.1781,4.2285,10.309
1014,-0.9818,3.4983,11.82
1015,-0.8573,2.7322,12.952
1016,-1.1829,2.5478,13.469
1017,-1.5732,3.2469,12.82
1018,-0.43353,3.0578,11.597
1019,0.14827,3.3331,11.101
1020,0.30389,2.95,10.881
1021,-0.3593,2.8495,10.479
1022,-0.96504,2.9189,9.7535
1023,-0.88124,2.9836,8.8437
1024,-0.34494,3.0961,8.1613
1025,0.27756,3.0099,7.9315
1026,0.55049,2.816,8.0728
1027,0.21051,2.4975,8.293
1028,-0.25635,2.0857,8.1207
1029,-0.71365,1.8631,7.7448
1030,-1.0417,1.9995,7.3641
1031,-0.71605,2.409,7.0337
1032,-0.37128,3.1823,6.981
1033,-0.069611,3.7473,6.9571
1034,-0.048065,4.0538,7.4407
1035,-0.41676,4.1735,8.3481
1036,-1.1494,4.1831,9.6122
1037,-1.8174,4.0897,10.761
1038,-2.1526,4.0969,11.427
1039,-2.0472,4.207,11.848
1040,-1.4463,4.0322,12.045
1041,-1.8437,4.5781,11.734
1042,-2.0185,4.7146,11.793
1043,-0.92673,3.642,12.289
1044,-0.92673,2.9309,12.6
1045,-1.1063,2.3419,12.03
1046,-1.2547,2.2581,10.654
1047,-1.0177,2.3036,9.7583
1048,-0.79027,2.5933,9.5667
1049,-0.4407,2.385,9.9019
1050,-0.36649,1.7817,10.122
1051,-0.46464,1.3723,9.9642
1052,-0.4072,1.2909,9.2244
1053,-0.4072,1.6548,8.5349
1054,-0.66098,2.2414,8.0919
1055,-0.79744,2.543,7.6514
1056,-0.63704,2.5071,7.5053
1057,-0.58437,2.4449,7.6346
1058,-0.55803,2.2797,7.6825
1059,-0.74956,2.3635,7.6729
1060,-0.90518,2.6101,7.9291
1061,-0.7376,2.8758,8.2428
1062,-0.47662,3.2182,8.5061
1063,-0.18692,3.4576,8.7479
1064,0.10995,3.6396,9.2028
1065,-0.040878,4.1471,9.7822
1066,0.4619,3.9963,9.7032
1067,1.1227,3.4911,9.6936
1068,0.70612,3.4169,10.378
1069,0.040527,2.9644,11.24
1070,-0.74477,2.8447,11.638
1071,-0.99377,2.7034,10.876
1072,-0.50057,2.8088,9.7655
1073,0.066864,3.0219,8.8581
1074,0.2991,2.9141,8.2451
1075,0.06926,2.6436,7.977
1076,-0.321,2.2892,7.7017
1077,-0.83575,2.057,7.3138
1078,-1.2835,2.148,7.0935
1079,-1.5827,2.6005,7.2492
1080,-1.5157,3.0195,7.5197
1081,-1.1662,3.302,8.0033
1082,-1.0321,3.5941,8.5947
1083,-1.1326,3.8263,8.9395
1084,-1.5708,4.1902,9.4231
1085,-1.985,4.4847,10.168
1086,-1.9826,4.6906,10.857
1087,-1.827,4.8391,11.7
1088,-1.5396,4.6954,11.717
1089,-2.1597,5.0929,11.077
1090,-2.9235,5.7106,10.309
1091,-1.894,5.0761,10.508
1092,-0.88843,4.4704,11.449
1093,-0.067215,2.8782,11.999
1094,-0.88603,2.1169,10.996
1095,-1.9898,2.0642,9.1047
1096,-1.9419,1.8846,7.8908
1097,-2.1358,2.6029,8.0345
1098,-1.2188,2.3754,8.5396
1099,-0.04567,1.4632,9.0257
1100,-0.15819,1.006,9.2627
1101,-0.7711,0.80484,8.8102
1102,-1.2547,1.1113,8.0345
1103,-1.3361,1.8367,7.0672
1104,-0.93152,2.5454,6.5644
1105,-0.42874,3.3116,6.6626
1106,0.042923,3.7808,7.0792
1107,0.19855,3.9508,7.9578
1108,0.28952,3.8311,8.7671
1109,0.32065,3.7162,9.3608
1110,-0.13425,3.7617,10.467
1111,-0.37846,3.393,11.437
1112,-0.29466,3.0865,11.99
1113,-0.30664,3.1176,11.889
1114,-0.70647,3.6946,10.881
1115,-0.41676,3.6013,9.8181
1116,-0.53648,3.776,9.6218
1117,-0.70168,3.0745,10.395
1118,-1.3313,2.5167,11.24
1119,-1.827,2.2773,11.255
1120,-1.7815,2.2605,10.228
1121,-1.4223,2.8279,8.8197
1122,-0.86688,3.2206,7.4407
1123,-0.59872,3.4433,6.6458
1124,-0.70168,3.2996,6.4639
1125,-0.96504,2.8327,6.9571
1126,-1.0895,2.5933,7.7543
1127,-1.2188,2.476,8.5588
1128,-1.7001,2.5574,9.2459
1129,-2.1933,2.6364,9.5715
1130,-1.9299,2.6412,9.4662
1131,-1.5899,2.9237,9.3489
1132,-1.384,3.4744,9.1861
1133,-0.94827,3.8503,9.0496
1134,-0.89799,4.2812,9.3058
1135,-1.0345,4.5302,9.7296
1136,-1.1709,4.4799,10.165
1137,-1.3385,4.1831,10.278
1138,-1.7216,4.2645,9.8181
1139,-2.2412,4.9516,9.0568
1140,-1.2571,4.5661,9.1717
1141,-0.58676,4.3147,10.319
1142,-0.61787,3.46,11.571
1143,-1.1231,2.6963,11.777
1144,-1.5827,2.5071,10.527
1145,-1.2954,2.5598,9.0161
1146,-0.80223,3.1535,8.3026
1147,0.090805,3.1847,8.4798
1148,0.76358,2.3635,9.1166
1149,0.36613,1.7146,9.4351
1150,-0.057632,1.3124,8.9227
1151,-0.081573,1.4824,7.8788
1152,-0.086365,2.0714,6.9547
1153,-0.4455,2.7202,7.0863
1154,-0.21326,2.7633,7.5987
1155,-0.17973,2.7753,8.2068
1156,-0.4455,2.8471,8.985
1157,-0.92433,3.0291,9.7439
1158,-1.2978,3.0769,10.199
1159,-1.2835,3.1919,10.081
1160,-1.056,3.4648,10.079
1161,-0.68253,3.46,10.448
1162,-0.51253,3.053,10.979
1163,-1.1662,3.4409,10.697
1164,-0.70168,3.6348,9.7774
1165,0.15784,3.6444,9.8325
1166,0.12433,3.3044,11.801
1167,-0.36169,2.4616,13.338
1168,-0.93152,2.1504,12.701
1169,-1.2045,2.2294,11.025
1170,-0.74237,2.6891,9.4806
1171,-0.064819,3.3307,8.4343
1172,0.48823,3.4576,8.6043
1173,0.74442,3.0458,9.0759
1174,0.75879,2.5885,8.4271
1175,0.77315,2.5095,7.5772
1176,0.96469,2.8686,6.8637
1177,0.83061,3.4241,6.5453
1178,0.15066,3.7186,7.479
1179,-0.57718,3.4576,8.3577
1180,-1.1015,3.053,8.5181
1181,-1.5588,3.0195,8.7838
1182,-1.9155,3.2876,8.8796
1183,-1.9946,3.5749,8.6976
1184,-1.8892,3.7569,8.803
1185,-1.882,3.8981,9.1837
1186,-1.8389,4.0418,9.3968
1187,-1.6139,4.1471,9.3728
1188,-1.4918,4.2884,9.2244
1189,-1.9179,4.9636,9.0951
1190,-1.87,5.4855,9.3992
1191,-1.1614,5.0665,10.848
1192,-0.93631,3.6635,13.091
1193,-1.0201,2.567,13.34
1194,-0.83096,2.2198,11.499
1195,-0.17496,2.7058,9.5308
1196,0.22009,3.8622,8.123
1197,0.77315,4.3004,7.8525
1198,1.7045,3.551,9.3752
1199,2.0852,2.4592,10.335
1200,1.5656,1.8583,10.254
1201,1.2855,1.9062,9.0903
1202,1.592,2.3036,7.7998
1203,1.1754,3.0195,7.5796
1204,0.69653,2.8471,8.1637
1205,0.60077,2.3132,8.7431
1206,0.18657,2.1408,9.0209
1207,-0.49817,2.2438,8.8629
1208,-1.1805,2.488,8.7958
1209,-1.4726,2.6532,9.0927
1210,-1.542,2.8136,9.459
1211,-1.4535,2.9788,9.6912
1212,-1.4175,3.0482,9.9235
1213,-1.3242,2.8327,10.244
1214,-1.8748,3.0506,10.508
1215,-2.4542,3.6372,10.421
1216,-1.5923,3.3954,10.242
1217,-1.1374,3.5534,10.481
1218,-0.64182,3.2469,10.831
1219,-0.76393,2.8806,10.836
1220,-1.1997,2.7106,10.151
1221,-1.147,2.4736,9.2579
1222,-1.0249,2.4856,8.803
1223,-1.0393,2.2964,8.9969
1224,-0.86209,1.9421,9.1095
1225,-0.58914,1.7123,8.8365
1226,-0.48859,1.6308,8.1494
1227,-0.50775,1.82,7.5341
1228,-0.35692,2.2462,7.1797
1229,-0.37367,2.792,7.0648
1230,-0.5293,3.2804,7.2228
1231,-0.66098,3.642,7.7448
1232,-0.86688,3.9245,8.4774
1233,-1.2476,4.1831,9.3177
1234,-1.6067,4.3291,10.105
1235,-1.8174,4.5183,10.577
1236,-1.9419,4.8032,11.027
1237,-2.0185,4.8702,11.595
1238,-1.9754,4.6427,12.009
1239,-2.0281,4.5039,12.071
1240,-2.3704,4.9755,11.298
1241,-1.6689,4.863,10.778
1242,-1.3218,4.8463,10.987
1243,-1.0584,3.8191,11.647
1244,-1.5804,2.9165,11.501
1245,-2.1071,2.5191,10.247
1246,-1.9323,2.5933,8.6402
1247,-1.5756,3.2158,7.388
1248,-0.69449,3.4504,7.1534
1249,0.30629,2.907,7.6897
1250,0.34219,2.1169,8.4175
1251,-0.35452,1.5686,8.5013
1252,-1.0417,1.5518,7.8381
1253,-1.0057,1.9277,6.8134
1254,-0.70647,2.6723,6.4279
1255,-0.7711,3.2924,7.4
1256,-0.46704,3.0338,8.396
1257,-0.55324,2.8112,9.1382
1258,-0.64182,2.5861,9.1765
1259,-1.2883,2.8232,9.2004
1260,-1.882,2.9931,9.5093
1261,-1.7216,2.9548,9.7702
1262,-1.2021,3.0961,10.101
1263,-0.5652,3.235,10.407
1264,-0.23003,3.1871,10.723
1265,-0.4048,3.369,10.738
1266,-0.20129,3.4289,10.086
1267,0.088409,3.4983,9.222
1268,-0.086365,3.6396,8.985
1269,-0.51732,3.4456,9.2938
1270,-1.2547,3.2517,9.4422
1271,-1.633,3.1488,9.0376
1272,-1.6282,3.2469,8.1494
1273,-1.0201,3.4816,7.333
1274,-0.16298,3.7641,7.0457
1275,0.22488,3.9245,7.491
1276,0.3015,3.6946,8.4295
1277,-0.17256,3.2924,8.815
1278,-0.89799,2.9572,8.5564
1279,-1.5947,2.9836,7.8621
1280,-1.8437,3.3259,7.467
1281,-1.7695,3.6827,8.0297
1282,-1.4463,3.7066,9.0807
1283,-1.6187,3.9341,10.043
1284,-1.8413,4.0226,10.472
1285,-2.0592,4.1711,10.57
1286,-2.1765,4.3866,10.515
1287,-2.1334,4.5805,10.618
1288,-2.064,4.6882,10.91
1289,-1.9562,4.4943,11.224
1290,-1.9874,4.1017,11.437
1291,-2.8589,4.468,10.819
1292,-3.3066,4.8846,10.024
1293,-2.2364,4.1663,9.8349
1294,-1.6234,3.551,10.321
1295,-1.724,2.8327,10.814
1296,-1.9874,2.2605,10.24
1297,-2.2794,2.0833,9.3082
1298,-2.5309,2.4975,8.7
1299,-2.2244,2.5837,9.0999
1300,-1.645,1.9373,9.8445
1301,-1.1901,1.2957,9.9881
1302,-1.056,1.1089,9.2938
1303,-1.2524,1.3004,8.5875
1304,-1.3673,1.7601,8.0416
1305,-1.3146,2.1911,8.0799
1306,-1.1183,2.4161,8.3481
1307,-1.2308,2.6412,8.7791
1308,-1.2763,2.6939,9.0304
1309,-1.5133,2.7705,9.0376
1310,-2.0185,2.8375,9.562
1311,-2.052,2.6843,9.6266
1312,-1.9562,2.9405,9.3489
1313,-1.7384,3.3068,8.9371
1314,-1.4295,3.4672,8.8748
1315,-1.1446,3.5582,9.4614
1316,-1.159,3.5965,10.462
1317,-1.5588,3.8742,11.154
1318,-1.4822,3.8622,11.303
1319,-0.86209,3.5462,11.068
1320,-0.30424,2.6939,10.812
1321,-0.71843,2.1025,10.568
1322,-1.1662,1.1999,10.307
1323,-1.9371,0.88145,9.7032
1324,-3.0528,1.0898,9.0496
1325,-3.5891,1.2214,8.8461
1326,-3.3209,1.4345,8.8581
1327,-3.0432,1.796,9.1023
1328,-2.6242,2.0809,9.2316
1329,-2.3489,2.318,9.3537
1330,-2.2579,2.4592,9.4758
1331,-2.1909,2.4664,9.5524
1332,-2.0448,2.4401,9.4422
1333,-1.9491,2.3898,9.38
1334,-1.8317,2.2462,9.526
1335,-1.712,2.1695,9.5069
1336,-1.7096,2.1073,9.3632
1337,-1.8174,2.0762,9.2866
1338,-1.9922,2.0331,9.3321
1339,-2.0065,1.9756,9.4734
1340,-1.9299,2.0905,9.5643
1341,-1.6641,2.1695,9.4973
1342,-1.5923,2.4209,9.4063
1343,-2.0185,3.0267,9.3106
1344,-2.6865,3.7018,9.6122
1345,-2.325,3.5342,10.546
1346,-1.7336,3.3235,11.755
1347,-1.4702,2.5239,12.569
1348,-1.8629,1.547,11.911
1349,-2.8469,1.0467,10.292
1350,-3.6011,1.0347,9.1047
1351,-3.8261,1.1664,8.9634
1352,-3.3808,1.3507,9.3728
1353,-2.3824,1.3531,10.196
1354,-1.4271,1.2861,10.752
1355,-0.93152,1.3603,10.577
1356,-0.67773,1.8679,9.7463
1357,-0.37367,2.3707,8.8916
1358,-0.24438,2.5861,8.5636
1359,-0.59393,2.883,8.2092
1360,-0.90518,3.0338,8.0273
1361,-1.5037,3.3307,8.6186
1362,-2.3154,3.5821,9.7463
1363,-2.3202,3.5438,10.299
1364,-1.7336,3.3882,10.122
1365,-1.0464,3.2637,10.007
1366,-0.78068,3.1607,10.24
1367,-1.0081,2.895,10.836
1368,-1.4008,2.7944,11.65
1369,-1.0464,2.6891,12.052
1370,0.11475,2.3204,11.58
1371,0.43318,2.5358,10.754
1372,0.062073,2.5454,10.081
1373,-0.7711,2.7585,9.6817
1374,-0.79027,2.7154,9.3297
1375,-0.41676,2.9524,8.9658
1376,0.27516,3.1392,8.6354
1377,0.59358,3.2374,8.3409
1378,0.3015,3.1512,8.0728
1379,-0.081573,2.8088,7.7352
1380,-0.46225,2.6436,7.5125
1381,-0.53886,2.6364,7.23
1382,-0.19171,2.8734,6.7679
1383,0.45473,3.2996,6.5213
1384,0.49063,3.7832,6.823
1385,0.17938,4.0729,7.3952
1386,-0.10791,4.2118,8.4008
1387,-0.10551,4.1615,9.1669
1388,-0.18452,4.3004,9.6242
1389,-0.39282,4.5015,9.866
1390,-0.43591,4.7242,10.01
1391,-0.37846,4.851,10.354
1392,-0.33058,4.6667,11.14
1393,-0.58914,4.5183,11.798
1394,-1.2092,4.8008,11.592
1395,-0.63225,4.365,10.752
1396,-0.086365,4.1519,9.9091
1397,0.11954,3.3906,9.72
1398,-0.649,2.9165,9.5428
1399,-1.6809,2.9476,8.9586
1400,-1.621,2.7561,8.4965
1401,-0.77829,2.5718,8.475
1402,-0.021729,2.476,9.1597
1403,0.35417,2.1576,9.7918
1404,0.24403,1.7889,9.7032
1405,-0.14383,1.5111,9.0209
1406,-0.51015,1.4968,8.135
1407,-0.62506,1.9708,7.4479
1408,-0.53409,2.7298,7.1558
1409,-0.17256,3.3307,7.2755
1410,0.3374,3.6061,7.9004
1411,0.56964,3.6228,8.6881
1412,0.35178,3.4863,9.3824
1413,-0.004959,3.2996,10.512
1414,-0.32339,2.895,11.681
1415,-0.33058,2.6196,12.004
1416,-0.20607,2.6915,11.982
1417,0.03334,2.8303,11.585
1418,0.13869,3.2182,10.582
1419,0.93356,2.8232,9.7726
1420,0.91441,2.6412,9.9929
1421,0.50021,1.8942,10.927
1422,-0.12228,1.5327,11.52
1423,-0.45029,1.6404,10.742
1424,-0.20369,1.8535,9.6122
1425,-0.036087,2.3371,8.6186
1426,-0.13185,2.7513,7.9076
1427,0.090805,2.6699,7.4982
1428,-0.21565,2.6101,7.7831
1429,-0.57239,2.2222,8.2068
1430,-0.82617,2.1169,8.5564
1431,-0.82378,2.3874,8.8317
1432,-0.80463,2.6867,9.1238
1433,-0.78068,2.8926,9.3513
1434,-0.86449,3.2158,9.4327
1435,-0.93391,3.5342,9.4422
1436,-0.83575,3.7665,9.4231
1437,-0.82617,4.0921,9.6003
1438,-0.89562,4.4153,9.8876
1439,-0.89322,4.6547,10.012
1440,-0.8573,4.7888,10.101
1441,-0.90039,4.5326,10.249
1442,-1.3721,4.2764,10.362
1443,-2.4471,4.772,9.9331
1444,-2.1669,4.4991,9.1454
1445,-1.5612,4.2262,8.5684
1446,-1.1518,3.9221,8.3792
1447,-1.2978,3.6946,8.2236
1448,-1.5804,3.7162,8.1494
1449,-0.95546,3.278,8.2092
1450,-0.51253,3.144,9.3034
1451,0.088409,2.4257,10.433
1452,0.23206,1.6644,11.101
1453,-0.000183,1.1209,10.639
1454,-0.46225,1.049,9.4375
1455,-0.82857,1.7697,8.1422
1456,-0.5269,2.5454,7.1007
1457,-0.12946,3.2541,6.8876
1458,0.057281,3.776,7.4766
1459,0.074051,3.8838,8.4941
1460,-0.10551,3.8359,9.6386
1461,-0.36409,3.7258,10.216
1462,-0.97223,3.8622,10.302
1463,-0.96744,3.8527,10.134
1464,-0.68253,3.9484,10.139
1465,-0.28268,3.9221,10.194
1466,-0.2803,4.0801,10.153
1467,-0.1151,4.0107,9.799
1468,0.36134,3.5031,9.6338
1469,-0.20607,3.2397,10.24
1470,-0.63704,2.7657,10.714
1471,-0.66815,2.4951,10.457
1472,-0.89322,2.883,9.6027
1473,-0.20847,3.1248,8.4247
1474,0.25362,3.4552,7.6466
1475,0.062073,3.5151,7.5604
1476,-0.12946,3.0051,7.8142
1477,-0.56042,2.6963,8.1135
1478,-0.90279,2.6029,8.0033
1479,-0.86688,2.6867,7.5796
1480,-0.80463,2.8471,7.1486
1481,-0.86209,2.9572,7.0385
1482,-0.96504,3.1057,7.0648
1483,-1.0464,3.3283,7.5101
1484,-0.90518,3.5941,8.1853
1485,-0.52211,3.8814,9.0831
1486,-0.63704,4.353,10.472
1487,-0.54845,4.377,11.631
1488,-0.38803,4.3411,12.459
1489,-0.48381,4.3219,12.543
1490,-0.71365,4.3961,11.554
1491,-1.1662,4.851,10.141
1492,-1.9323,5.7872,9.1358
1493,-0.96265,5.5741,9.6027
1494,0.018982,4.8127,11.214
1495,0.1339,3.4121,12.301
1496,-0.64421,2.3323,11.695
1497,-1.973,2.4521,9.1933
1498,-2.2076,2.8974,7.2875
1499,-1.7982,3.5414,6.9044
1500,-1.1015,3.7904,7.6035
1501,-0.055237,2.7992,8.5827
1502,-0.24918,2.045,9.4614
1503,-0.91956,1.4178,9.3058
1504,-1.5612,1.2789,8.3385
1505,-1.8222,1.832,7.1342
1506,-1.3984,2.2916,6.2556
1507,-1.0057,2.737,6.2077
1508,-0.83575,3.0267,6.3489
1509,-0.93152,3.2541,6.7823
1510,-0.93152,3.3092,7.3306
1511,-0.87166,3.4193,8.2571
1512,-0.96744,3.6803,9.5141
1513,-0.90039,3.9293,10.805
1514,-0.40241,3.7162,12.009
1515,0.047714,3.2254,12.634
1516,-0.076797,3.0841,12.691
1517,-0.80463,3.8718,11.889
1518,0.27756,3.6132,11.087
1519,1.2304,3.2493,11.197
1520,1.1754,2.3659,11.935
1521,0.25362,1.8726,12.03
1522,-0.17735,1.6596,10.817
1523,0.31586,1.547,9.2914
1524,1.1155,1.82,8.3146
1525,1.3023,2.0379,8.0704
1526,0.89287,1.6955,8.1087
1527,0.31586,1.1233,8.1087
1528,0.076431,0.74258,7.9842
1529,-0.26354,0.92454,7.6083
1530,-0.17496,1.2669,7.309
1531,0.13629,1.9756,6.9236
1532,0.10995,2.7322,7.0433
1533,0.2177,3.0697,7.6634
1534,0.009399,3.6037,8.7288
1535,-0.50296,3.8622,10.163
1536,-1.0297,3.8215,11.274
1537,-1.6402,3.9389,11.978
1538,-2.1621,4.2477,12.313
1539,-2.1047,4.4129,12.392
1540,-1.6785,4.3818,12.452
1541,-2.2435,5.1647,12.071
1542,-2.3609,5.4137,11.444
1543,-0.89322,4.0753,11.437
1544,-0.68013,3.3307,12.562
1545,-0.93631,2.2701,12.935
1546,-1.724,2.1001,11.564
1547,-1.8772,1.9493,9.8181
1548,-1.4223,1.8822,8.6785
1549,-1.1374,2.0546,8.2667
1550,-0.62985,1.7434,8.2021
1551,-0.18452,1.3244,7.9962
1552,0.12193,1.1209,7.3856
1553,0.27756,1.2047,6.562
1554,0.26318,1.6835,5.8773
1555,0.1315,2.2438,5.8486
1556,-0.04567,2.5909,6.4208
1557,0.15066,2.7609,6.8469
1558,0.23924,3.1009,7.582
1559,0.057281,3.1871,8.2547
1560,-0.76633,3.1153,9.3656
1561,-1.4151,2.792,10.079
1562,-1.9754,2.8782,10.445
1563,-1.9491,2.9309,10.697
1564,-1.2811,2.5742,11.099
1565,-1.1566,2.5071,11.255
1566,-2.1167,3.7641,10.218
1567,-0.87884,3.5845,8.8796
1568,-0.46225,3.5725,9.1525
1569,-0.36649,2.9884,10.601
1570,-0.25397,2.2126,11.925
1571,-0.70168,2.1528,11.863
1572,-0.38564,2.0307,9.8756
1573,0.40685,2.0953,8.1374
1574,0.67259,2.737,7.3928
1575,0.78513,2.4856,8.159
1576,0.64146,1.7099,9.3369
1577,0.426,1.2621,9.538
1578,0.06926,1.2909,8.9179
1579,-0.28508,1.6261,8.2882
1580,-0.30185,2.1312,7.6634
1581,-0.29945,2.5358,7.5341
1582,-0.31621,2.7274,7.7495
1583,-0.39043,2.9093,8.0129
1584,-0.75195,3.2158,8.6665
1585,-1.1949,3.3786,9.2651
1586,-1.7455,3.551,9.9762
1587,-2.0975,3.8167,10.407
1588,-2.0137,3.9556,10.836
1589,-1.6474,3.9173,11.525
1590,-1.6929,4.1831,12.559
1591,-1.6689,4.298,13.216
1592,-0.91476,3.3092,13.484
1593,-0.58676,2.5047,13.498
1594,-0.81661,1.887,12.804
1595,-1.7575,2.16,11.597
1596,-1.8653,2.4353,10.22
1597,-1.3816,2.5263,9.3154
1598,-0.65379,2.6077,8.7934
1599,-0.038483,2.4401,8.8485
1600,0.047714,1.8774,9.1166
1601,0.002213,0.97722,8.7072
1602,-0.50296,0.59415,8.2451
1603,-1.2308,0.72823,7.716
1604,-1.5612,1.0658,7.3138
1605,-1.2045,1.4824,7.1127
1606,-0.5652,1.9062,7.0313
1607,-0.15102,2.3395,7.1797
1608,0.009399,2.5622,7.6921
1609,-0.18213,2.5957,8.6426
1610,-0.8549,2.5766,9.7822
1611,-1.2619,2.4664,10.345
1612,-1.2691,2.5334,10.546
1613,-0.67055,2.6077,10.661
1614,0.10277,2.4616,10.994
1615,-0.15579,2.871,11.298
1616,-0.20129,3.2709,10.747
1617,0.78273,2.7561,10.01
1618,0.80188,2.725,10.29
1619,0.48584,2.2222,10.86
1620,-0.050461,2.0139,10.857
1621,-0.33536,2.124,10.055
1622,0.28713,1.9565,8.9347
1623,0.49782,2.0618,8.2547
1624,0.21291,2.0211,7.9578
1625,-0.30664,1.7505,8.0368
1626,-0.5676,1.322,8.463
1627,-0.5652,1.1041,8.657
1628,-0.53648,1.2358,8.7168
1629,-0.37128,1.5255,8.6737
1630,-0.36649,1.9924,8.3433
1631,-0.51253,2.409,8.1398
1632,-0.73999,2.7537,8.2763
1633,-0.74477,2.9357,8.8102
1634,-0.6131,3.12,9.4398
1635,-0.95306,3.5007,10.307
1636,-1.2595,3.6563,10.8
1637,-1.6234,4.049,10.654
1638,-1.7791,4.5398,10.596
1639,-1.6498,4.5542,10.931
1640,-2.0759,4.6451,11.745
1641,-2.9738,4.9109,12.531
1642,-2.7128,4.4536,12.868
1643,-2.0161,3.9987,12.943
1644,-1.3385,3.2254,12.653
1645,-1.6809,2.7585,11.719
1646,-2.7368,2.5694,10.412
1647,-3.1725,1.911,9.6673
1648,-3.0145,1.6069,9.4231
1649,-1.7599,1.5734,9.04
1650,0.23924,1.9612,8.4606
1651,1.9176,2.2725,7.9554
1652,2.1738,2.3012,7.3138
1653,1.2424,2.1384,6.3896
1654,0.27516,1.9804,5.3936
1655,-0.55803,1.9421,4.9411
1656,-1.5875,1.875,5.2979
1657,-2.0975,1.9397,6.2244
1658,-1.6977,1.8152,7.321
1659,-1.1255,2.0067,8.305
1660,-0.72801,2.3156,9.0448
1661,-0.62985,2.4568,9.6314
1662,-0.63943,2.567,9.7559
1663,-0.46225,2.6364,9.8229
1664,-0.098343,2.3946,10.105
1665,-0.45268,2.3754,10.68
1666,-0.67773,2.4951,11.226
1667,-0.060028,2.0067,11.556
1668,-0.10551,1.7194,11.966
1669,-0.42874,1.1496,12.557
1670,-0.55084,0.91977,12.54
1671,-0.72083,1.1831,11.678
1672,-0.11031,1.0706,10.295
1673,0.69414,1.2119,8.8269
1674,1.0437,1.4345,7.6083
1675,0.99342,1.1161,7.5005
1676,0.65823,0.61809,7.9842
1677,0.29671,0.22784,8.5109
1678,0.074051,0.17517,9.0568
1679,0.12193,0.4529,9.5931
1680,0.21291,0.80724,9.9259
1681,0.18896,1.2789,9.8134
1682,0.16502,1.7051,9.4997
1683,0.007004,2.0809,9.4925
1684,-0.34494,2.2845,10.062
1685,-0.70647,2.3467,10.666
1686,-1.1255,2.567,11.104
1687,-1.4894,2.7992,11.353
1688,-1.5325,2.7489,11.408
1689,-1.3433,2.5813,11.461
1690,-1.5923,2.8303,11.434
1691,-2.21,3.5438,11.267
1692,-1.226,2.7609,11.315
1693,-0.52211,2.1576,11.844
1694,-0.68971,1.5997,12.117
1695,-1.6665,1.2286,11.401
1696,-2.5213,1.3531,10.067
1697,-2.1214,1.2645,8.8365
1698,-1.7695,1.3651,8.5325
1699,-1.4894,1.1017,8.9395
1700,-1.2691,0.40979,9.3106
1701,-1.4056,0.026718,9.1645
1702,-1.6546,-0.009186,8.3242
1703,-1.7336,0.28529,7.3425
1704,-1.4175,0.84793,6.6722
1705,-1.1733,1.48,6.7344
1706,-0.81181,1.8463,7.1271
1707,-0.70407,2.1025,7.8597
1708,-0.78068,1.9636,8.9347
1709,-1.0632,1.7338,9.6793
1710,-1.6737,1.8176,10.172
1711,-2.155,1.8966,10.565
1712,-1.882,1.8774,10.776
1713,-0.9411,1.887,11.01
1714,-0.24199,1.8655,11.36
1715,-0.45268,2.1767,11.48
1716,-0.43831,1.8128,11.365
1717,-0.38326,1.0012,11.37
1718,-0.92194,0.53908,12.023
1719,-0.93391,-0.11214,12.471
1720,-0.64182,-0.26776,12.042
1721,-0.47183,0.29727,11.032
1722,0.44754,0.41458,9.8493
1723,0.90243,0.72343,8.9059
1724,0.74442,0.80963,8.3601
1725,0.20334,0.55824,8.2188
1726,-0.43591,0.41937,8.2332
1727,-0.70647,0.31882,8.0823
1728,-0.62506,0.46486,7.7879
1729,-0.32819,0.98441,7.467
1730,-0.15819,1.413,7.3641
1731,-0.28748,1.7099,7.6227
1732,-0.54365,1.9852,8.1063
1733,-0.74477,2.1839,8.6737
1734,-1.1398,2.4856,9.7463
1735,-1.3912,2.6675,10.805
1736,-1.4032,2.8902,11.372
1737,-1.4271,3.1751,11.525
1738,-1.5851,3.3307,11.492
1739,-1.8988,3.1296,11.683
1740,-2.7008,3.2852,11.992
1741,-3.2826,3.6898,12.212
1742,-2.3633,2.9022,12.461
1743,-1.6881,2.3754,12.65
1744,-1.4726,1.7553,12.399
1745,-2.1597,1.571,11.128
1746,-2.8804,1.8344,9.5117
1747,-2.3297,1.638,8.633
1748,-1.657,1.5375,8.5133
1749,-0.91237,1.2095,8.7384
1750,-0.55084,0.67316,9.0065
1751,-0.59393,0.20868,8.8868
1752,-0.76871,-0.16242,8.2428
1753,-1.1278,0.074615,7.4599
1754,-1.2308,0.66836,7.1031
1755,-1.1326,1.14,7.3569
1756,-0.69688,1.4154,7.5173
1757,-0.50536,1.8224,7.6538
1758,-0.55084,2.0331,7.8142
1759,-0.62027,2.045,8.2499
1760,-0.82378,2.1097,9.2076
1761,-1.0369,2.0235,10.163
1762,-1.0249,1.9924,10.749
1763,-0.59872,1.8152,10.987
1764,-0.27551,1.5423,11.274
1765,-1.1063,2.1695,11.125
1766,-0.99617,2.3922,10.046
1767,0.097992,1.9421,9.1286
1768,0.18417,2.0091,9.7104
1769,0.047714,1.4297,10.546
1770,-0.77829,1.48,10.814
1771,-1.0057,1.5614,10.35
1772,-0.45987,1.7673,9.38
1773,0.22249,1.9182,8.7934
1774,0.57204,1.6907,8.8964
1775,0.14827,1.1736,9.3369
1776,-0.62027,0.66119,9.5189
1777,-1.2954,0.39064,9.3034
1778,-1.5013,0.48402,8.882
1779,-0.97461,0.903,8.408
1780,-0.57239,1.7051,8.0799
1781,-0.40241,2.3707,8.0057
1782,-0.15341,2.6436,8.1949
1783,-0.52211,3.0937,8.7647
1784,-1.3122,3.1847,9.8517
1785,-2.0161,3.1703,11.046
1786,-2.4351,3.3666,11.688
1787,-2.5955,3.5127,11.772
1788,-2.5141,3.29,11.877
1789,-2.7008,2.9165,12.258
1790,-3.9099,3.6061,12.006
1791,-4.0105,4.0825,11.808
1792,-2.0568,3.0386,12.488
1793,-1.475,2.7058,13.46
1794,-1.5899,2.0786,12.938
1795,-2.2818,1.9182,11.47
1796,-2.2172,1.7075,10.019
1797,-1.8844,1.638,9.1861
1798,-1.2715,1.1352,9.0041
1799,-0.68732,0.46486,8.8389
1800,-0.7735,0.14644,8.633
1801,-0.93871,-0.045105,8.0368
1802,-1.0033,0.22305,6.835
1803,-1.0297,0.97482,5.8677
1804,-1.0009,1.6165,5.8198
1805,-0.85969,2.0067,6.2843
1806,-0.5293,2.0977,7.0983
1807,-0.5293,2.1193,7.9124
1808,-0.75674,2.0115,8.3337
1809,-1.3577,2.0403,8.7719
1810,-1.6187,2.0498,9.1597
1811,-1.4774,2.3515,9.5596
1812,-0.98898,2.5478,9.9402
1813,-0.26354,2.5742,10.503
1814,-0.26114,3.0602,11.173
1815,-0.24678,3.1583,11.259
1816,0.16023,2.7585,10.795
1817,-0.19411,2.8016,10.733
1818,-0.28508,2.1935,10.998
1819,-0.94827,2.0522,11.037
1820,-1.1877,1.8655,10.407
1821,-0.76393,1.7697,9.526
1822,-0.095947,1.7362,8.6689
1823,0.071655,1.7865,8.0775
1824,-0.11031,1.6691,7.989
1825,-0.31381,1.3124,8.068
1826,-0.71126,1.2119,8.0033
1827,-0.9411,1.164,7.7136
1828,-0.97701,1.298,7.5221
1829,-0.90997,1.6979,7.3784
1830,-0.73041,2.0881,7.5867
1831,-0.62267,2.3922,8.4008
1832,-0.5652,2.4664,9.5691
1833,-0.76633,2.5311,10.781
1834,-1.1853,2.6364,11.358
1835,-1.6115,2.9931,11.034
1836,-2.0496,3.6132,10.647
1837,-1.9898,4.049,10.704
1838,-1.2476,4.1424,10.843
1839,-1.5229,4.0155,12.337
1840,-2.052,4.1567,13.797
1841,-1.8605,3.1583,14.879
1842,-2.8014,2.4401,15.368
1843,-3.1031,1.6691,14.231
1844,-2.9977,1.3579,12.136
1845,-2.9187,1.48,10.362
1846,-2.3992,1.4968,9.5667
1847,-1.408,1.3699,9.2938
1848,-0.59633,0.99876,9.2411
1849,-0.48381,0.53908,9.0951
1850,-0.82857,0.14644,8.5013
1851,-1.0273,-0.076233,7.4359
1852,-1.3242,0.045883,6.6722
1853,-1.6354,0.25178,6.507
1854,-1.3577,0.29488,6.3968
1855,-0.95786,0.62048,6.3992
1856,-0.53169,0.8647,6.3873
1857,-0.28987,1.0323,6.3465
1858,-0.20129,1.2837,6.5285
1859,-0.39282,1.5207,7.5269
1860,-0.38326,1.4608,8.6546
1861,-0.29227,1.5734,9.708
1862,-0.00975,1.5614,10.797
1863,0.18417,1.3076,11.59
1864,-0.60591,1.8272,12.296
1865,-0.47902,1.9349,12.057
1866,0.37332,1.6117,11.832
1867,0.41162,1.4202,12.562
1868,-0.083969,0.74258,13.527
1869,-1.056,0.58935,13.709
1870,-1.4487,0.56541,12.5
1871,-0.6514,0.65161,10.817
1872,0.47388,1.0203,9.1118
1873,1.0174,1.4369,8.0512
1874,0.83301,1.4944,7.9507
1875,0.33261,1.0131,8.2308
1876,-0.091156,0.69231,8.3601
1877,-0.19171,0.58458,8.4798
1878,0.002213,0.79286,8.3744
1879,0.007004,1.2023,8.0632
1880,-0.28268,1.6572,7.9483
1881,-0.44789,1.8918,7.7735
1882,-0.59393,2.2102,7.6298
1883,-0.83815,2.5718,8.0249
1884,-1.2954,2.7992,9.0927
1885,-2.0305,2.9788,10.302
1886,-2.7655,3.2445,11.008
1887,-3.0169,3.3882,11.269
1888,-2.878,3.2828,11.698
1889,-3.2611,3.7641,12.191
1890,-3.1031,4.0298,12.507
1891,-1.8413,3.1392,12.967
1892,-1.8557,2.6268,13.587
1893,-2.1933,1.8918,13.352
1894,-2.6266,1.638,12.066
1895,-2.5141,1.7505,10.472
1896,-1.4487,1.5973,8.9873
1897,-0.78308,1.5231,8.3888
1898,-1.0369,0.94132,8.9538
1899,-1.4702,0.05545,9.471
1900,-1.7288,-0.39705,9.3441
1901,-1.5875,-0.38986,8.657
1902,-1.2356,0.062637,7.6753
1903,-0.74237,0.74498,6.6722
1904,-0.49817,1.3651,6.1406
1905,-0.43831,1.7936,6.0425
1906,-0.30185,1.9541,6.3226
1907,-0.27312,1.8942,7.1271
1908,-0.57239,1.7362,8.1135
1909,-1.2811,1.7027,9.471
1910,-1.6378,1.3771,10.512
1911,-1.6306,1.3771,10.819
1912,-1.2236,1.5063,10.797
1913,-0.80463,1.3842,10.931
1914,-1.159,1.6667,11.568
1915,-1.2164,2.0091,11.762
1916,-0.42156,1.65,11.564
1917,-0.28508,1.5518,11.552
1918,-0.321,1.231,11.341
1919,-0.71126,1.2549,10.869
1920,-0.96025,1.2526,10.125
1921,-0.73999,1.061,9.4231
1922,-0.25157,0.85512,9.1334
1923,0.028549,0.64442,9.2962
1924,-0.22763,0.50317,9.5141
1925,-0.48381,0.27573,9.4303
1926,-0.55084,0.1201,8.961
1927,-0.56042,0.19911,8.3768
1928,-0.69688,0.52712,7.7615
1929,-0.88843,0.95088,7.2372
1930,-0.96504,1.4776,6.9451
1931,-0.75674,2.124,7.0863
1932,-0.27791,2.5885,7.9171
1933,-0.026505,2.9668,9.2938
1934,-0.71843,3.3092,10.354
1935,-1.9969,3.4456,10.826
1936,-2.9834,3.6515,11.295
1937,-3.0791,3.8455,11.815
1938,-2.4542,3.776,12.485
1939,-2.2771,3.8048,13.23
1940,-2.9019,4.1471,13.5
1941,-2.8325,3.5582,13.445
1942,-2.981,2.9644,13.357
1943,-2.9738,1.9229,13.12
1944,-3.3233,1.3579,11.966
1945,-3.8955,1.6093,10.046
1946,-3.3425,1.7075,8.2739
1947,-2.5955,1.8703,7.5867
1948,-1.5684,1.6691,7.8214
1949,-0.84532,0.78809,8.1973
1950,-1.2978,0.29727,8.4175
1951,-1.9514,0.060242,8.1973
1952,-2.0065,0.098557,7.5293
1953,-1.5013,0.56541,6.7895
1954,-0.76871,1.1137,6.6362
1955,-0.34254,1.5231,7.2492
1956,-0.16298,1.4872,7.953
1957,-0.28987,1.5135,8.3313
1958,-0.75195,1.6165,8.0847
1959,-1.0536,1.7865,7.9794
1960,-1.1063,2.0355,8.3888
1961,-0.81661,2.057,9.0759
1962,-0.47662,2.0738,9.9163
1963,-0.41437,1.9924,11.154
1964,-0.79504,1.9565,11.968
1965,-1.0847,2.1671,11.518
1966,-0.45508,2.0498,10.515
1967,-0.37128,2.0259,10.515
1968,-0.71605,1.4848,11.437
1969,-1.4439,1.2142,11.757
1970,-1.8988,1.3579,11.025
1971,-1.2883,1.6213,9.7319
1972,-0.16777,1.8607,8.2882
1973,0.23206,2.0594,7.4982
1974,-0.23003,1.9229,7.5077
1975,-0.86928,1.3842,7.9866
1976,-1.6641,1.0754,8.4439
1977,-2.1909,0.8192,8.566
1978,-2.1502,0.903,8.5636
1979,-1.8437,1.4848,8.6378
1980,-1.4989,1.9588,8.9897
1981,-1.4726,2.2318,9.6194
1982,-1.9131,2.4616,10.151
1983,-2.4494,2.7106,10.596
1984,-2.7152,2.9405,10.855
1985,-2.89,3.3068,11.018
1986,-3.1078,3.63,11.473
1987,-3.2491,3.6707,11.863
1988,-3.3664,3.4792,12.141
1989,-3.862,3.472,12.078
1990,-4.6114,4.0514,11.611
1991,-3.6226,3.4361,11.568
1992,-2.4782,2.5981,12.351
1993,-2.4016,1.8056,12.806
1994,-3.0384,1.1209,11.99
1995,-3.7064,0.9054,10.35
1996,-3.3544,0.70429,8.9131
1997,-2.4686,0.76654,8.6067
1998,-1.4726,0.60373,9.1454
1999,-0.88843,-0.11693,9.5356
2000,-0.96744,-0.51196,9.0735
2001,-1.1638,-0.64844,7.9267
2002,-1.1494,-0.27495,6.6267
2003,-0.82138,0.23502,5.8102
2004,-0.70886,0.91258,5.669
2005,-1.0943,1.4848,6.4734
2006,-1.0967,1.4968,7.4766
2007,-0.99855,1.4824,8.7623
2008,-0.95786,1.6213,9.5284
2009,-1.08,1.8655,9.6673
2010,-1.2835,1.9493,10.022
2011,-1.4343,1.7721,10.642
2012,-1.6067,1.5686,11.106
2013,-1.7695,1.5183,11.331
2014,-1.9562,1.8631,11.015
2015,-1.317,1.9995,10.091
2016,-0.86688,2.1576,9.4877
2017,-1.2452,2.3994,9.55
2018,-1.5133,2.0618,9.7224
2019,-2.0161,2.0642,9.617
2020,-2.3297,2.0977,9.3154
2021,-2.3417,2.0426,8.7695
2022,-2.1765,1.9445,8.6522
2023,-1.9514,1.6332,9.0879
2024,-1.7671,1.3004,9.8349
2025,-1.6809,1.085,10.218
2026,-1.554,1.0969,10.007
2027,-1.08,1.3052,9.3369
2028,-0.8573,1.7266,8.6546
2029,-1.1973,2.0163,8.4846
2030,-1.3649,2.0067,8.5684
2031,-1.5564,2.0474,8.8652
2032,-1.8317,2.1576,9.1454
2033,-2.0999,2.3323,9.617
2034,-1.973,2.4066,10.295
2035,-1.6881,2.5095,10.963
2036,-1.6522,2.6436,11.377
2037,-1.7503,2.7896,11.482
2038,-1.5804,2.8519,11.295
2039,-1.5133,3.041,10.982
2040,-2.04,3.7713,10.369
2041,-2.4949,4.2262,10.137
2042,-2.2268,3.8694,10.908
2043,-2.2771,2.95,12.078
2044,-3.1893,1.9804,12.818
2045,-3.9099,0.99638,12.385
2046,-4.3433,0.37868,11.271
2047,-3.6705,0.067429,9.9809
2048,-2.2603,-0.1696,9.38
2049,-1.0512,-0.13608,9.3728
2050,-0.7711,-0.037918,9.4446
2051,-1.0153,-0.18636,9.1238
2052,-1.0393,-0.46169,8.4822
2053,-0.94589,-0.32283,7.819
2054,-1.2524,0.22545,7.4263
2055,-1.4104,0.57979,7.3018
2056,-1.3912,0.88145,7.2132
2057,-1.3313,1.3387,7.3282
2058,-1.0033,1.7099,7.6155
2059,-0.57478,2.0403,8.0057
2060,-0.22044,2.2509,8.8174
2061,-0.081573,2.2462,9.8828
2062,-0.38564,2.1552,11.039
2063,-0.76633,2.0259,11.798
2064,-0.93391,2.0091,11.937
2065,-0.97223,2.3946,11.401
2066,-0.2803,2.5502,10.146
2067,-0.13664,2.8998,8.9131
2068,-0.37128,3.1535,8.4774
2069,-0.88124,3.0338,8.8652
2070,-1.5899,2.7753,9.7104
2071,-1.9658,2.488,10.295
2072,-2.5452,2.4018,10.302
2073,-3.1342,2.2366,9.8325
2074,-3.5987,2.0618,9.3704
2075,-3.637,1.7099,9.2675
2076,-3.4191,1.4489,9.4758
2077,-3.1773,1.389,9.4949
2078,-2.9091,1.4728,9.1741
2079,-2.6194,1.5925,8.6617
2080,-2.4063,1.6596,8.0919
2081,-2.4063,1.7769,8.1661
2082,-2.5404,1.5925,8.8581
2083,-2.6625,1.3962,9.4398
2084,-2.6793,1.4273,9.7487
2085,-2.5715,1.7649,9.787
2086,-2.289,2.2629,9.5643
2087,-2.0352,2.6819,9.629
2088,-1.9299,2.9022,10.096
2089,-1.7791,2.7872,10.517
2090,-1.9131,2.5646,10.805
2091,-2.325,2.464,10.788
2092,-3.194,2.8184,10.393
2093,-3.4143,3.1464,10.158
2094,-2.8373,2.9333,10.896
2095,-2.6098,2.203,12.476
2096,-3.024,1.1472,13.565
2097,-3.9362,0.55824,12.887
2098,-4.1302,0.14165,11.403
2099,-3.6489,0.26614,10.366
2100,-2.7679,0.40501,10.07
2101,-1.5684,-0.033127,10.046
2102,-1.1183,-0.47366,9.4542
2103,-1.1829,-0.56703,8.2523
2104,-1.0488,-0.49281,7.0313
2105,-0.69688,-0.071442,6.2436
2106,-0.39522,0.61092,6.3178
2107,-0.18213,1.1304,6.8326
2108,-0.47423,1.638,7.795
2109,-0.94827,1.808,8.7072
2110,-1.4702,1.7266,9.4016
2111,-1.7647,1.6332,9.7248
2112,-2.0807,1.7912,9.8684
2113,-1.9538,1.8631,9.7894
2114,-1.5061,2.0163,9.7463
2115,-1.1111,2.2054,9.8397
2116,-1.1518,2.2126,10.251
2117,-1.6115,2.2821,10.797
2118,-1.621,2.5215,10.611
2119,-0.61787,2.1121,10.177
2120,-0.58437,1.9732,10.68
2121,-0.76633,1.1544,11.851
2122,-1.3026,0.72583,12.457
2123,-1.5444,0.70429,11.745
2124,-0.60591,0.88625,10.163
2125,0.27756,1.5758,8.7072
2126,0.60556,1.9612,7.7974
2127,0.28233,1.887,8.0009
2128,-0.26833,1.4776,8.6162
2129,-0.59393,1.231,8.8557
2130,-0.6107,1.243,8.7671
2131,-0.41916,1.4537,8.2691
2132,-0.59633,1.6524,8.0321
2133,-0.95067,1.4872,7.9243
2134,-1.1494,1.4345,7.6322
2135,-1.3697,1.5494,7.5053
2136,-1.5181,1.7266,7.4527
2137,-1.5468,2.2557,7.8166
2138,-1.6426,2.6963,8.7551
2139,-1.7551,2.9788,9.7774
2140,-1.985,3.1392,10.51
2141,-2.3417,3.2302,11.015
2142,-2.6027,3.1631,11.477
2143,-2.9043,3.2134,11.944
2144,-3.3976,3.879,12.378
2145,-3.0696,3.9987,12.928
2146,-2.3824,3.4169,14.022
2147,-2.7344,2.634,15.109
2148,-3.5364,1.5303,14.932
2149,-4.7814,1.1975,13.465
2150,-5.2602,1.3268,11.587
2151,-4.3959,1.3531,10.314
2152,-3.4813,1.4249,10.254
2153,-2.4542,0.71625,10.857
2154,-1.961,-0.21269,11.051
2155,-1.9179,-0.71309,10.402
2156,-2.0281,-1.0219,8.9993
2157,-1.9491,-0.93575,7.3641
2158,-1.3505,-0.44972,6.2149
2159,-0.66815,0.2422,5.8462
2160,-0.23959,0.91737,5.9754
2161,-0.13425,1.3771,6.4208
2162,-0.074402,1.5758,6.9379
2163,-0.067215,1.8152,7.163
2164,-0.33536,2.2078,7.4694
2165,-0.82138,2.4784,8.4391
2166,-0.81661,2.3467,9.3776
2167,-0.50057,2.1695,9.9618
2168,-0.24199,2.0618,10.237
2169,-0.22044,1.8463,10.371
2170,-0.84772,2.0235,10.613
2171,-1.384,2.3563,10.484
2172,-0.32819,1.875,10.35
2173,0.19376,1.7984,11.01
2174,0.40205,1.1209,12.006
2175,-0.12468,0.80244,12.277
2176,-0.63943,0.70908,11.398
2177,0.1291,0.63486,9.9115
2178,1.3885,1.1017,8.463
2179,1.8601,1.9684,7.5029
2180,1.6877,2.4137,7.4694
2181,1.2592,2.1264,7.965
2182,0.60316,1.9134,8.2834
2183,0.53374,1.887,8.3768
2184,0.69653,2.1695,8.3672
2185,0.49063,2.4616,8.0871
2186,-0.081573,2.5095,8.0392
2187,-0.49817,2.2485,8.1015
2188,-1.0369,2.2438,8.0775
2189,-1.8605,2.5287,8.3026
2190,-2.5787,2.8998,8.9778
2191,-2.8565,3.0697,9.9402
2192,-3.2347,3.1823,10.9
2193,-3.7926,3.4433,11.724
2194,-3.8357,3.3283,12.382
2195,-3.5699,3.041,13.23
2196,-3.5101,3.0075,13.795
2197,-4.1805,3.8814,13.438
2198,-3.9506,4.3387,13.031
2199,-2.8828,4.1807,13.395
2200,-2.2196,3.2421,14.106
2201,-2.0783,1.9325,14.068
2202,-2.8613,1.48,12.337
2203,-3.0743,1.1688,10.18
2204,-2.7248,1.2717,8.9347
2205,-2.1909,1.3483,8.8293
2206,-1.2954,0.6588,9.2866
2207,-0.74237,-0.14087,9.2435
2208,-0.72562,-0.67477,8.372
2209,-0.8573,-0.5862,7.0049
2210,-0.53886,-0.059464,5.6618
2211,0.042923,0.65161,4.6634
2212,0.34938,1.4297,4.6538
2213,0.32544,1.7793,5.4679
2214,0.081223,1.6787,6.732
2215,-0.091156,1.5542,7.874
2216,-0.21565,1.5925,8.6905
2217,-0.80223,1.9086,9.5093
2218,-0.70168,1.8607,9.9163
2219,-0.38564,1.99,10.22
2220,-0.14622,2.1264,10.69
2221,-0.34973,2.2605,11.372
2222,-0.98419,2.8399,11.71
2223,-0.46704,2.6963,11.303
2224,-0.11749,2.8255,11.396
2225,0.076431,2.3994,12.346
2226,-0.56282,1.7936,12.806
2227,-1.4583,1.6524,12.112
2228,-1.317,1.3723,10.788
2229,-0.28987,1.4225,9.2052
2230,0.73245,1.7841,7.8573
2231,1.1658,2.1336,7.0097
2232,0.97426,2.0929,6.7775
2233,0.38051,1.6213,6.8757
2234,-0.29466,1.3076,7.1007
2235,-0.4072,1.2286,7.4646
2236,-0.34254,1.3675,8.0775
2237,-0.55324,1.5255,8.8988
2238,-0.69688,1.6859,9.1214
2239,-0.95306,2.0522,9.4422
2240,-1.2356,2.3276,9.8421
2241,-1.5061,2.6436,10.151
2242,-1.6833,3.0697,10.551
2243,-1.8437,3.5558,11.125
2244,-1.6785,3.9484,11.506
2245,-1.4918,4.2669,11.927
2246,-1.475,4.2094,12.191
2247,-2.0831,4.3219,12.052
2248,-2.6865,4.9612,11.425
2249,-1.9826,4.7385,11.123
2250,-1.3194,4.3028,12.066
2251,-1.0871,3.0338,13.227
2252,-2.0017,2.1384,13.072
2253,-2.8541,1.6955,11.918
2254,-2.6769,1.3531,10.5
2255,-2.0281,1.3866,9.4662
2256,-0.77829,1.1664,9.1741
2257,0.14827,0.73541,9.1142
2258,-0.031296,0.57979,8.6234
2259,-0.42156,0.49838,7.4766
2260,-0.53409,0.55345,6.313
2261,-0.55324,0.9892,5.7384
2262,-0.82378,1.583,6.3202
2263,-0.52211,1.5183,7.2396
2264,-0.30424,1.4202,8.1422
2265,-0.51015,1.4896,8.8221
2266,-0.68492,1.4776,8.724
2267,-0.80463,1.9349,8.0488
2268,-0.92194,2.5334,7.6993
2269,-0.92912,3.1129,8.0345
2270,-0.38326,3.278,8.7575
2271,0.035736,3.0865,9.6146
2272,-0.35213,2.8782,10.386
2273,-1.1063,3.0362,10.371
2274,-0.819,2.658,10.005
2275,-0.75435,2.4784,10.426
2276,-0.86688,2.0881,11.638
2277,-1.1231,1.808,12.564
2278,-1.1063,1.7242,11.987
2279,-0.66576,1.9325,10.453
2280,0.16742,2.1408,8.7767
2281,0.98863,2.3683,7.637
2282,1.1586,2.5191,7.7807
2283,0.58641,2.1288,8.8269
2284,-0.16058,1.5351,9.799
2285,-0.54605,1.0395,9.866
2286,-0.80702,1.164,9.2579
2287,-0.93391,1.7027,8.8485
2288,-0.95306,2.0019,9.0376
2289,-0.7328,2.1049,9.2387
2290,-0.70407,2.4329,9.447
2291,-0.69688,2.7178,9.4901
2292,-1.0129,3.144,9.7415
2293,-1.6953,3.5821,10.34
2294,-2.4399,3.7832,10.824
2295,-2.6936,3.9005,10.766
2296,-2.7463,3.9772,10.544
2297,-3.0528,4.3243,10.292
2298,-3.5244,4.9899,10.06
2299,-2.8373,4.389,10.788
2300,-2.222,3.278,12.378
2301,-2.6242,2.2342,13.46
2302,-3.3233,1.5087,12.437
2303,-3.7782,1.4992,10.378
2304,-3.2204,1.7218,8.6641
2305,-2.7607,2.3228,8.159
2306,-1.9443,1.9301,9.0927
2307,-1.1925,0.98201,10.524
2308,-0.51492,0.19432,11.068
2309,-0.34254,-0.18875,10.33
2310,-0.78548,0.34036,8.8868
2311,-0.58437,1.049,7.4862
2312,-0.39522,1.7745,7.4455
2313,-0.007355,1.796,8.1422
2314,0.05011,1.6931,8.7096
2315,-0.33775,1.717,8.7575
2316,-0.63464,1.6691,8.1853
2317,-0.84532,1.8248,7.649
2318,-1.0129,2.0809,7.6083
2319,-1.0991,2.1887,7.7376
2320,-1.1733,2.1983,8.1973
2321,-1.5851,2.1504,9.4494
2322,-2.2292,2.5861,10.17
2323,-1.5396,2.6771,9.7319
2324,-0.53409,2.5861,9.0089
2325,-0.69688,2.8184,9.3752
2326,-1.5277,2.6292,10.184
2327,-2.5045,2.5526,10.546
2328,-2.4447,2.4616,10.383
2329,-1.3361,2.5119,9.7846
2330,-0.14622,2.7825,9.2747
2331,0.52895,2.8208,9.3058
2332,0.53613,2.4185,9.4853
2333,0.11954,1.8535,9.2866
2334,-0.46464,1.3771,8.7096
2335,-0.9435,1.2621,8.3577
2336,-0.85011,1.4704,8.1661
2337,-0.92673,2.0594,8.7168
2338,-0.75674,2.2821,9.0448
2339,-0.96744,2.8064,8.8174
2340,-1.4199,3.4409,8.7647
2341,-2.0664,3.7784,9.3177
2342,-2.8684,3.9652,10.182
2343,-3.1366,4.2549,10.857
2344,-2.9163,4.5254,11.326
2345,-2.866,4.8415,11.487
2346,-3.3568,5.5023,11.441
2347,-2.8756,4.9037,11.793
2348,-2.5285,3.7665,12.959
2349,-2.8684,2.7513,14.147
2350,-2.9738,2.0067,13.917
2351,-3.0001,1.8583,12.284
2352,-2.1095,1.9852,10.615
2353,-0.92673,2.1791,9.4566
2354,0.18657,1.9277,8.8413
2355,0.26798,1.1472,8.9299
2356,-0.87405,0.34755,8.791
2357,-1.8293,0.029114,8.1015
2358,-1.7887,0.13446,7.3066
2359,-1.4056,0.88145,6.5429
2360,-0.95546,1.7051,6.2364
2361,-0.60591,2.2366,6.4974
2362,-0.24199,2.1863,6.8398
2363,-0.22523,1.9732,7.2611
2364,-0.67773,2.0331,7.8094
2365,-1.0895,2.0235,8.6091
2366,-0.96744,1.9182,9.0688
2367,-0.67294,2.0666,9.0137
2368,-0.6107,2.3036,9.1262
2369,-0.93871,2.4137,9.7296
2370,-1.5564,2.7753,10.414
2371,-1.0033,2.5813,10.477
2372,-0.38564,2.7058,10.357
2373,-0.33536,2.8351,10.402
2374,-0.46464,2.5622,10.417
2375,-0.81181,2.5095,10.007
2376,-0.59154,2.3443,9.1573
2377,-0.019333,2.1743,8.4558
2378,0.33023,1.8535,8.1901
2379,0.37572,1.4585,8.1973
2380,0.021378,1.0658,8.1853
2381,-0.47662,0.66836,8.214
2382,-1.1518,0.54866,8.1805
2383,-1.7887,0.80244,7.6921
2384,-1.8054,1.2693,7.3545
2385,-1.4127,1.8655,7.5149
2386,-1.5732,2.7513,8.4989
2387,-1.894,3.4863,9.6769
2388,-2.0855,3.8287,10.529
2389,-2.4159,4.0538,11.401
2390,-2.7918,3.97,12.447
2391,-3.4071,3.8287,13.297
2392,-3.953,3.6084,13.639
2393,-3.9554,3.2709,13.872
2394,-3.9913,3.1727,13.905
2395,-4.1517,3.5725,13.328
2396,-3.115,2.9764,13.378
2397,-2.3944,2.0283,13.876
2398,-2.3417,0.85751,14.137
2399,-3.0073,0.22545,13.084
2400,-3.5029,0.07222,11.183
2401,-3.0576,0.38107,9.5332
2402,-1.9227,0.92694,8.3888
2403,-0.4455,0.9868,7.6442
2404,-0.007355,0.76654,7.6346
2405,-0.076797,0.56541,7.3497
2406,-0.086365,0.38585,6.6171
2407,0.021378,0.59894,5.9299
2408,-0.14622,1.1616,6.1335
2409,-0.14143,1.322,6.8278
2410,-0.072006,1.3651,7.3306
2411,-0.37128,1.5806,7.6825
2412,-0.73999,1.6835,7.8262
2413,-1.2428,1.9684,8.542
2414,-0.99617,2.1073,8.9371
2415,-0.68492,2.4473,9.3776
2416,-0.32339,2.8279,9.5141
2417,0.023773,3.0075,9.5213
2418,0.16742,2.9261,9.8038
2419,0.007004,2.6532,10.694
2420,-0.58914,2.8184,11.513
2421,-0.56999,3.3283,10.989
2422,1.094,2.8806,9.5572
2423,0.90483,3.3618,9.2483
2424,0.05011,2.9572,10.134
2425,-0.81181,2.4401,11.097
2426,-1.1925,2.1911,11.394
2427,-0.79983,2.148,10.623
2428,-0.26114,2.5167,9.8134
2429,0.10277,2.6364,9.3058
2430,0.018982,2.3323,8.9155
2431,-0.46464,2.1312,9.131
2432,-0.71843,1.8535,9.3872
2433,-0.70168,1.7003,9.0783
2434,-0.82378,2.0594,8.7168
2435,-0.83336,2.3539,8.3074
2436,-0.91237,2.6699,7.6681
2437,-1.2452,3.1823,7.3976
2438,-1.4559,3.5486,7.3306
2439,-1.5301,3.9173,7.4527
2440,-1.475,4.2262,7.8477
2441,-1.3697,4.3674,8.4151
2442,-1.5588,4.4129,9.1238
2443,-1.7216,4.2693,10
2444,-1.5971,3.9412,10.56
2445,-1.7887,4.0059,10.749
2446,-2.866,5.203,10.515
2447,-1.5875,4.6403,10.584
2448,-0.007355,3.5701,11.504
2449,0.10277,2.6484,12.583
2450,-1.1614,2.2462,12.619
2451,-1.8126,2.1121,11.463
2452,-1.4894,2.397,10.11
2453,-0.83815,2.6172,9.5739
2454,-0.24918,2.136,9.9331
